t_date,item_code
24.12.2018,ALPHA
24.12.2018,MANDALIN
21.12.2018,E01TA
21.12.2018,RHO
21.12.2018,TELTA
20.12.2018,CAROUSEL
20.12.2018,E01TA
20.12.2018,DELTA
19.12.2018,COLLEZZINE
19.12.2018,BLACK AND WHITE
18.12.2018,ALPHA
18.12.2018,IOTA
18.12.2018,BEITA
17.12.2018,KOCALAR PETROL
17.12.2018,EPSILON
17.12.2018,EPSILON
17.12.2018,RHO
17.12.2018,GAMMA
17.12.2018,PLUTTON
17.12.2018,KAPPA
17.12.2018,SOLAR
17.12.2018,ALPHA
17.12.2018,COLLEZZINE
17.12.2018,E01TA
17.12.2018,ELITLERUNLU01
17.12.2018,ALPHA
17.12.2018,TELTA
17.12.2018,IOTA
17.12.2018,EPSILON
17.12.2018,DELTA
17.12.2018,RHO
14.12.2018,SOLAR
14.12.2018,IST.ICERENKOY USKUDA
13.12.2018,ALPHA
13.12.2018,BLACK AND WHITE
13.12.2018,COLLEZZINE
12.12.2018,DELTA
12.12.2018,RHO
12.12.2018,TELTA
11.12.2018,TAU
11.12.2018,DOKO GIDA
11.12.2018,DELTA
11.12.2018,RHO
11.12.2018,EPSILON
10.12.2018,BLACK AND WHITE
10.12.2018,COLLEZZINE
10.12.2018,KUZEN BISTRO
10.12.2018,BLACK AND WHITE
10.12.2018,BLACK AND WHITE
10.12.2018,BLACK AND WHITE
07.12.2018,BLACK AND WHITE
06.12.2018,DELTA
06.12.2018,BLACK AND WHITE
06.12.2018,COLLEZZINE
06.12.2018,TELTA
05.12.2018,SOLAR
05.12.2018,BLACK AND WHITE
05.12.2018,E01TA
04.12.2018,RHO
04.12.2018,DELTA
03.12.2018,DOKO GIDA
03.12.2018,RHO
03.12.2018,E01TA
03.12.2018,IOTA
03.12.2018,IOTA
03.12.2018,OMICRON
03.12.2018,KECI BISTRO
03.12.2018,KECI BISTRO
03.12.2018,KUZEY CAFETERIA
30.11.2018,DONERCI ALI EFENDI
30.11.2018,IOTA
30.11.2018,KAPPA
29.11.2018,BLACK AND WHITE
29.11.2018,RHO
29.11.2018,DELTA
29.11.2018,DOKO GIDA
29.11.2018,COLLEZZINE
29.11.2018,OMICRON
28.11.2018,DOKO GIDA
28.11.2018,CAROUSEL
28.11.2018,LEYLA KABATAS
28.11.2018,CAROUSEL
28.11.2018,SOLAR
28.11.2018,SOLAR
27.11.2018,BLACK AND WHITE
27.11.2018,IOTA
27.11.2018,DELTA
27.11.2018,BLACK AND WHITE
27.11.2018,KAPPA
27.11.2018,DUSLERSOKAGI CAFE VE
26.11.2018,RHO
26.11.2018,OMICRON
26.11.2018,ALPHA
26.11.2018,NU1
26.11.2018,E01TA
26.11.2018,FK TESIS ISLETMECILG
26.11.2018,CAROUSEL
26.11.2018,CAROUSEL
26.11.2018,BLACK AND WHITE
26.11.2018,FK TESIS TURIZM
26.11.2018,DOCO-MALTEPE
26.11.2018,DOCO-MALTEPE
23.11.2018,EPSILON
23.11.2018,DOKO GIDA
23.11.2018,DONERCI ALI EFENDI
23.11.2018,BLACK AND WHITE
21.11.2018,COLLEZZINE
21.11.2018,BLACK AND WHITE
21.11.2018,BLACK AND WHITE
20.11.2018,TAU
19.11.2018,IOTA
19.11.2018,BLACK AND WHITE
19.11.2018,CAFFE NERO GIDA URUN
19.11.2018,LONDON PUB
19.11.2018,LONDON PUB
19.11.2018,KADIKOY MU1RAT GIDA S
19.11.2018,CAFFE NERO GIDA URUN
16.11.2018,DELTA
16.11.2018,EPSILON
15.11.2018,TAU
15.11.2018,COLLEZZINE
14.11.2018,DELTA
14.11.2018,SOLAR
14.11.2018,SOLAR
13.11.2018,EPSILON
12.11.2018,DOKO GIDA
12.11.2018,DELIKADIN
12.11.2018,CAROUSEL
12.11.2018,IOTA
09.11.2018,DELTA
09.11.2018,LEYLA KABATAS
09.11.2018,E01TA
09.11.2018,KAPPA
08.11.2018,TAU
08.11.2018,DELTA
07.11.2018,COLLEZZINE
07.11.2018,DOKO GIDA
07.11.2018,BLACK AND WHITE
07.11.2018,LEILA RESTORANT
07.11.2018,TAU
06.11.2018,DELTA
06.11.2018,DELTA
06.11.2018,TAU
05.11.2018,DELTA
05.11.2018,LEYLA KABATAS
05.11.2018,ALPHA
05.11.2018,EPSILON
05.11.2018,BLACK AND WHITE
05.11.2018,DELTA
05.11.2018,COLLEZZINE
05.11.2018,HOLIGAN CAFE
05.11.2018,DOKO GIDA
05.11.2018,DELTA
05.11.2018,DELIKADIN
05.11.2018,DELTA
31.10.2018,IOTA
31.10.2018,E01TA
31.10.2018,TAU
30.10.2018,DELTA
30.10.2018,OMICRON
30.10.2018,ALPHA
30.10.2018,COLLEZZINE
30.10.2018,BLACK AND WHITE
30.10.2018,ZEILTA
30.10.2018,E01TA
30.10.2018,DELTA
26.10.2018,TELTA
26.10.2018,LEYLA KABATAS
26.10.2018,BLACK AND WHITE
26.10.2018,TAU
25.10.2018,CAROUSEL
25.10.2018,COKOPRENS 
25.10.2018,RHO
25.10.2018,DOKO GIDA
24.10.2018,BLACK AND WHITE
24.10.2018,LEYLA KABATAS
24.10.2018,IOTA
23.10.2018,HOHOR01
23.10.2018,DELTA
23.10.2018,DOKO GIDA
23.10.2018,OMICRON
22.10.2018,IOTA
22.10.2018,IOTA
22.10.2018,DOKO GIDA
22.10.2018,LEYLA KABATAS
22.10.2018,E01TA
22.10.2018,ZEILTA
22.10.2018,LOKMATA
22.10.2018,EPSILON
22.10.2018,DELTA
22.10.2018,BLACK AND WHITE
22.10.2018,DOKO GIDA
22.10.2018,BLACK AND WHITE
22.10.2018,EVEA KIZILKAYA GIDA
22.10.2018,ALPHA
19.10.2018,MASAL TURIZM
19.10.2018,EPSILON
19.10.2018,BLACK AND WHITE
18.10.2018,HOHOR01
17.10.2018,IOTA
17.10.2018,MANDALIN
17.10.2018,MANDALIN
17.10.2018,HOLIGAN CAFE
16.10.2018,DELTA
15.10.2018,ZEILTA
15.10.2018,CAROUSEL
15.10.2018,E01TA
15.10.2018,DELTA
15.10.2018,IOTA
15.10.2018,NU1
15.10.2018,MANDALIN
15.10.2018,CAROUSEL
15.10.2018,SOLAR
15.10.2018,OMICRON
12.10.2018,CAROUSEL
12.10.2018,LEYLA KABATAS
12.10.2018,HOHOR01
11.10.2018,EPSILON
11.10.2018,DOKO GIDA
10.10.2018,DELTA
10.10.2018,ZEILTA
10.10.2018,LEILA RESTORANT
09.10.2018,HOHOR01
09.10.2018,DOKO GIDA
09.10.2018,DELTA
08.10.2018,EPSILON
08.10.2018,EPSILON
03.10.2018,ALPHA
30.09.2018,DELTA
30.09.2018,CAROUSEL
30.09.2018,E01TA
30.09.2018,CAROUSEL
30.09.2018,SOLAR
30.09.2018,IOTA
30.09.2018,DELTA
30.09.2018,BLACK AND WHITE
28.09.2018,DELTA
28.09.2018,DOMINOS PIO1ZZA KAYISD
27.09.2018,IOTA
27.09.2018,DELTA
26.09.2018,DELTA
24.09.2018,ZEILTA
24.09.2018,DELTA
24.09.2018,OMICRON
24.09.2018,ALPHA
10.09.2018,KILYOS OGRENCI YURDU
03.09.2018,RHO
29.08.2018,LEILA RESTORANT
28.08.2018,LEILA RESTORANT
27.08.2018,ALPHA
20.08.2018,OMICRON
20.08.2018,RHO
20.08.2018,RHO
20.08.2018,E01TA
17.08.2018,LEYLA KABATAS
17.08.2018,BLACK AND WHITE
16.08.2018,ZEILTA
16.08.2018,RHO
15.08.2018,OMICRON
15.08.2018,IST.ICERENKOY USKUDA
13.08.2018,TELTA
10.08.2018,IOTA
09.08.2018,SOLAR
09.08.2018,BLACK AND WHITE
09.08.2018,IOTA
08.08.2018,BLACK AND WHITE
08.08.2018,ZEILTA
08.08.2018,RHO
07.08.2018,BLACK AND WHITE
07.08.2018,ZEILTA
06.08.2018,IOTA
06.08.2018,OMICRON
06.08.2018,EPSILON
06.08.2018,IOTA
02.08.2018,IOTA
01.08.2018,DELTA
01.08.2018,EPSILON
01.08.2018,IOTA
30.07.2018,ALPHA
27.07.2018,DOKO GIDA
27.07.2018,IOTA
26.07.2018,IOTA
26.07.2018,DELTA
26.07.2018,RHO
25.07.2018,OMICRON
25.07.2018,IOTA
25.07.2018,IOTA
24.07.2018,ZEILTA
24.07.2018,RHO
24.07.2018,EPSILON
23.07.2018,ZEILTA
23.07.2018,RHO
23.07.2018,EPSILON
23.07.2018,COLLEZZINE
23.07.2018,DELTA
23.07.2018,EPSILON
23.07.2018,DOKO GIDA
20.07.2018,DOKO GIDA
20.07.2018,EPSILON
19.07.2018,KATIBIM RESTAURANT T
19.07.2018,KATIBIM RESTAURANT T
19.07.2018,IOTA
19.07.2018,EMIN FIRIN
18.07.2018,DELTA
18.07.2018,ALPHA
18.07.2018,OMICRON
18.07.2018,BLACK AND WHITE
18.07.2018,EPSILON
18.07.2018,COLLEZZINE
18.07.2018,ZEILTA
17.07.2018,EPSILON
17.07.2018,DOKO GIDA
17.07.2018,EPSILON
16.07.2018,COLLEZZINE
13.07.2018,MCDONALTS
13.07.2018,IOTA
12.07.2018,MIGROS MODA
12.07.2018,IOTA
10.07.2018,BLACK AND WHITE
09.07.2018,IOTA
04.07.2018,ALPHA
03.07.2018,DELTA
30.06.2018,COLLEZZINE
28.06.2018,ZEILTA
28.06.2018,LIVERPOOL CAFE
28.06.2018,ER MAZ GIDA URETIM P
27.06.2018,EPSILON
21.06.2018,HUSEYIN GONENC
18.06.2018,ALPHA
18.06.2018,ZEILTA
11.06.2018,IOTA
11.06.2018,BLACK AND WHITE
11.06.2018,DEPO COFFEE
08.06.2018,RHO
08.06.2018,IOTA
08.06.2018,JR GRUP GIDA SAN.IC
08.06.2018,OMICRON
07.06.2018,BLACK AND WHITE
07.06.2018,ZEILTA
06.06.2018,ZEILTA
06.06.2018,OMICRON
06.06.2018,IOTA
04.06.2018,DEPO COFFEE
04.06.2018,COLLEZZINE
04.06.2018,EPSILON
01.06.2018,EPSILON
31.05.2018,ALPHA
30.05.2018,IOTA
29.05.2018,IOTA
25.05.2018,BLACK AND WHITE
24.05.2018,PIO1
23.05.2018,MALIBUS BUFE
23.05.2018,IOTA
22.05.2018,COLLEZZINE
21.05.2018,PIO1
21.05.2018,COLLEZZINE
21.05.2018,IOTA
21.05.2018,CAROUSEL
21.05.2018,EPSILON
18.05.2018,MALIBUS BUFE
17.05.2018,BLACK AND WHITE
17.05.2018,DELTA
17.05.2018,OMICRON
16.05.2018,DEPO COFFEE
16.05.2018,OMICRON
16.05.2018,OMICRON
16.05.2018,IOTA
16.05.2018,IOTA
15.05.2018,OMICRON
15.05.2018,IOTA
14.05.2018,ZEILTA
14.05.2018,DEPO COFFEE
14.05.2018,DELTA
14.05.2018,OMICRON
14.05.2018,ZEILTA
14.05.2018,FIYUU RESTAURANT
14.05.2018,EPSILON
14.05.2018,BLACK AND WHITE
11.05.2018,DELTA
11.05.2018,SOLAR
10.05.2018,KAPPA
10.05.2018,KEMERLI
10.05.2018,IOTA
09.05.2018,KILIC GIDA TUR.ITH.I
09.05.2018,EPSILON
09.05.2018,CAROUSEL
09.05.2018,SOLAR
09.05.2018,SOLAR
09.05.2018,SOLAR
07.05.2018,DEPO COFFEE
07.05.2018,ZEILTA
04.05.2018,DELTA
04.05.2018,E01TA
04.05.2018,BLACK AND WHITE
03.05.2018,IOTA
03.05.2018,OMICRON
03.05.2018,DELTA
03.05.2018,COLLEZZINE
03.05.2018,SOLAR
03.05.2018,OMICRON
02.05.2018,EPSILON
02.05.2018,IOTA
02.05.2018,DELTA
02.05.2018,BEITA
02.05.2018,COLLEZZINE
02.05.2018,DELTA
30.04.2018,EPSILON
30.04.2018,KAPPA
30.04.2018,DELTA
30.04.2018,COLLEZZINE
30.04.2018,DELIKADIN
30.04.2018,SOLAR
30.04.2018,PIO1
30.04.2018,DELTA
30.04.2018,BRANDIUM ATASEHIR MA
30.04.2018,BLACK AND WHITE
27.04.2018,HIGHWAY OUTLET KOZDE
26.04.2018,GAMMA
25.04.2018,CAROUSEL
25.04.2018,EPSILON
25.04.2018,DELTA
25.04.2018,DELIKADIN
25.04.2018,DELTA
25.04.2018,OMICRON
25.04.2018,IOTA
24.04.2018,EPSILON
24.04.2018,OMICRON
24.04.2018,IOTA
24.04.2018,G.T.A.TURIZM GIDA
24.04.2018,OMICRON
24.04.2018,EPSILON
24.04.2018,EPSILON
19.04.2018,IOTA
19.04.2018,DEPO COFFEE
18.04.2018,TELTA
18.04.2018,DELTA
18.04.2018,IOTA
17.04.2018,ZEILTA
17.04.2018,DEPO COFFEE
17.04.2018,RHO
17.04.2018,ALPHA
17.04.2018,OMICRON
17.04.2018,IOTA
16.04.2018,KAPPA
16.04.2018,GUVEN KEBAP
16.04.2018,DELTA
16.04.2018,ZEILTA
16.04.2018,DEPO COFFEE
16.04.2018,BLACK AND WHITE
16.04.2018,MIGROS CADDEBOSTAN
16.04.2018,FET RESTORAN
16.04.2018,GAMMA
13.04.2018,IOTA
13.04.2018,DELTA
13.04.2018,EPSILON
13.04.2018,EPSILON
13.04.2018,EPSILON
11.04.2018,ZEILTA
11.04.2018,DELTA
11.04.2018,ZEILTA
10.04.2018,RHO
10.04.2018,IOTA
10.04.2018,CAROUSEL
10.04.2018,CIFA CAFE RESTAURANT
09.04.2018,TELTA
09.04.2018,ZEILTA
09.04.2018,BLACK AND WHITE
09.04.2018,IOTA
05.04.2018,KAYA KARDESLER
05.04.2018,IOTA
05.04.2018,ZEILTA
04.04.2018,DELTA
04.04.2018,TELTA
04.04.2018,OMICRON
03.04.2018,IOTA
02.04.2018,IOTA
02.04.2018,PIO1
02.04.2018,DELTA
02.04.2018,ZEILTA
31.03.2018,DELTA
31.03.2018,EVEA KIZILKAYA GIDA
30.03.2018,GAMMA
30.03.2018,GAMMA
30.03.2018,GAMMA
30.03.2018,DELIKADIN
30.03.2018,COLLEZZINE
29.03.2018,DELTA
29.03.2018,OMICRON
28.03.2018,PIO1
28.03.2018,OMICRON
28.03.2018,EPSILON
28.03.2018,COLLEZZINE
27.03.2018,DELIKADIN
27.03.2018,EPSILON
27.03.2018,DELTA
27.03.2018,OMICRON
27.03.2018,IOTA
27.03.2018,ZEILTA
26.03.2018,PIO1
26.03.2018,KAPPA
26.03.2018,ALPHA
26.03.2018,ZEILTA
26.03.2018,CAROUSEL
26.03.2018,PIO1
26.03.2018,ZEILTA
23.03.2018,ZEILTA
23.03.2018,KAFE PANI
23.03.2018,DELTA
23.03.2018,DELTA
23.03.2018,EPSILON
22.03.2018,OMICRON
22.03.2018,DELTA
21.03.2018,TELTA
21.03.2018,CAROUSEL
21.03.2018,IOTA
20.03.2018,OMICRON
20.03.2018,IOTA
20.03.2018,OMICRON
19.03.2018,ALPHA
19.03.2018,OMICRON
19.03.2018,ZEILTA
19.03.2018,EPSILON
19.03.2018,DELTA
19.03.2018,TELTA
16.03.2018,PIO1
16.03.2018,DELTA
15.03.2018,COLLEZZINE
14.03.2018,DELTA
14.03.2018,IOTA
13.03.2018,TELTA
13.03.2018,IOTA
12.03.2018,TELTA
12.03.2018,DELTA
12.03.2018,DELTA
12.03.2018,ZEILTA
12.03.2018,CAROUSEL
12.03.2018,PIO1
12.03.2018,DELTA
12.03.2018,DELTA
09.03.2018,COLLEZZINE
09.03.2018,DELIKADIN
08.03.2018,SOLAR
08.03.2018,DELTA
07.03.2018,MCDONALTS
07.03.2018,DELTA
07.03.2018,ALPHA
07.03.2018,OMICRON
07.03.2018,EPSILON
07.03.2018,IOTA
06.03.2018,ZEILTA
06.03.2018,DELTA
06.03.2018,OMICRON
06.03.2018,EPSILON
05.03.2018,COLLEZZINE
05.03.2018,DELTA
05.03.2018,ZEILTA
05.03.2018,ALPHA
02.03.2018,EPSILON
01.03.2018,ZEILTA
01.03.2018,SOLAR
28.02.2018,OMICRON
28.02.2018,IOTA
27.02.2018,DELTA
27.02.2018,LAMBDA
27.02.2018,IOTA
26.02.2018,DELTA
26.02.2018,ALPHA
26.02.2018,BLACK AND WHITE
26.02.2018,CAROUSEL
23.02.2018,CEVAHIR
23.02.2018,E01TA
23.02.2018,IOTA
22.02.2018,GAMMA
22.02.2018,OMICRON
22.02.2018,IOTA
21.02.2018,BLACK AND WHITE
21.02.2018,LAMBDA
21.02.2018,LAMBDA
21.02.2018,IOTA
21.02.2018,ZEILTA
21.02.2018,DELIKADIN
20.02.2018,OMICRON
20.02.2018,DEPO COFFEE
19.02.2018,ZEILTA
19.02.2018,MIGROS MODA
19.02.2018,MCDONALTS
16.02.2018,ZEILTA
16.02.2018,DELTA
16.02.2018,COLLEZZINE
15.02.2018,DOMINOS PIO1ZZA
15.02.2018,IOTA
15.02.2018,DELTA
15.02.2018,DELTA
14.02.2018,ZEILTA
14.02.2018,TELTA
13.02.2018,HAND MADE
12.02.2018,DEPO COFFEE
12.02.2018,EPSILON
12.02.2018,IOTA
12.02.2018,CAROUSEL
09.02.2018,ZEILTA
09.02.2018,ZEILTA
09.02.2018,BLACK AND WHITE
08.02.2018,DELTA
07.02.2018,OMICRON
07.02.2018,IOTA
06.02.2018,KAPPA
06.02.2018,OMICRON
06.02.2018,IOTA
05.02.2018,PIO1
05.02.2018,DELTA
05.02.2018,BLACK AND WHITE
05.02.2018,CAROUSEL
05.02.2018,DELTA
02.02.2018,IOTA
02.02.2018,KAPPA
01.02.2018,ZEILTA
01.02.2018,COLLEZZINE
31.01.2018,ZEILTA
31.01.2018,BLACK AND WHITE
31.01.2018,EPSILON
31.01.2018,ZEILTA
30.01.2018,TAU
30.01.2018,OMICRON
29.01.2018,COLLEZZINE
29.01.2018,EPSILON
29.01.2018,OMICRON
29.01.2018,KAPPA
29.01.2018,E01TA
29.01.2018,DELTA
26.01.2018,COLLEZZINE
26.01.2018,PIO1
26.01.2018,RHO
26.01.2018,ALPHA
25.01.2018,GRATIS IC VE DIS TIC
25.01.2018,BLACK AND WHITE
25.01.2018,PIO1
25.01.2018,CAROUSEL
24.01.2018,DELTA
24.01.2018,E01TA
24.01.2018,OMICRON
22.01.2018,RHO
22.01.2018,ALPHA
17.01.2018,OMICRON
17.01.2018,IOTA
17.01.2018,OMICRON
17.01.2018,SOLAR
15.01.2018,IOTA
15.01.2018,OMICRON
12.01.2018,E01TA
12.01.2018,KEMERLI
11.01.2018,DELTA
11.01.2018,ZEILTA
11.01.2018,OMICRON
10.01.2018,TELTA
10.01.2018,JORDAN
10.01.2018,BEITA
08.01.2018,ZEILTA
08.01.2018,BLACK AND WHITE
08.01.2018,OMICRON
08.01.2018,EPSILON
08.01.2018,ZEILTA
08.01.2018,PIO1
08.01.2018,EPSILON
08.01.2018,SOLAR
05.01.2018,OMICRON
05.01.2018,DEPO COFFEE
05.01.2018,TELTA
05.01.2018,ZEILTA
04.01.2018,DELTA
04.01.2018,ZEILTA
02.01.2018,DELTA
02.01.2018,OMICRON
02.01.2018,DEPO COFFEE
02.01.2018,ALPHA
29.12.2017,IOTA
29.12.2017,COLLEZZINE
29.12.2017,DELTA
29.12.2017,ZEILTA
29.12.2017,DEPO COFFEE
28.12.2017,ZEILTA
28.12.2017,OMICRON
28.12.2017,DELTA
27.12.2017,KASDAS KADIKOY SAG.T
27.12.2017,IOTA
26.12.2017,DELTA
26.12.2017,OMICRON
25.12.2017,ZEILTA
25.12.2017,MCDONALTS
25.12.2017,ZEILTA
25.12.2017,EPSILON
25.12.2017,LAMBDA
25.12.2017,OMICRON
25.12.2017,TELTA
25.12.2017,MANDALIN
25.12.2017,PIO1
25.12.2017,OMICRON
22.12.2017,PIO1
22.12.2017,ZEILTA
22.12.2017,TELTA
22.12.2017,LAMBDA
22.12.2017,EPSILON
21.12.2017,PIO1
20.12.2017,TELTA
20.12.2017,OMICRON
20.12.2017,IOTA
19.12.2017,DELTA
19.12.2017,TELTA
18.12.2017,EPSILON
18.12.2017,MANDALIN
18.12.2017,DELTA
15.12.2017,EPSILON
13.12.2017,PIO1
13.12.2017,OMICRON
13.12.2017,IOTA
13.12.2017,ZEILTA
11.12.2017,EPSILON
11.12.2017,OMICRON
11.12.2017,DELTA
11.12.2017,EPSILON
11.12.2017,ZEILTA
11.12.2017,OMICRON
11.12.2017,TELTA
11.12.2017,E01TA
11.12.2017,ALPHA
08.12.2017,DELTA
07.12.2017,OMICRON
07.12.2017,IOTA
07.12.2017,PIO1
06.12.2017,OMICRON
04.12.2017,ZEILTA
04.12.2017,TELTA
04.12.2017,OMICRON
04.12.2017,EPSILON
04.12.2017,DELTA
04.12.2017,ZEILTA
04.12.2017,GAMMA
04.12.2017,OMICRON
04.12.2017,BLACK AND WHITE
04.12.2017,BLACK AND WHITE
04.12.2017,IOTA
04.12.2017,ZEILTA
04.12.2017,DEPO COFFEE
01.12.2017,ZEILTA
30.11.2017,DELTA
29.11.2017,IOTA
29.11.2017,TELTA
28.11.2017,E01TA
28.11.2017,ALPHA
27.11.2017,ZEILTA
27.11.2017,TELTA
27.11.2017,OMICRON
27.11.2017,EPSILON
27.11.2017,DELTA
27.11.2017,OMICRON
27.11.2017,PIO1
27.11.2017,E01TA
27.11.2017,ZEILTA
24.11.2017,LAMBDA
23.11.2017,DELTA
22.11.2017,IOTA
22.11.2017,OMICRON
20.11.2017,EPSILON
20.11.2017,OMICRON
20.11.2017,ZEILTA
16.11.2017,DELTA
13.11.2017,GAMMA
13.11.2017,RHO
10.11.2017,EPSILON
10.11.2017,DELTA
08.11.2017,TELTA
08.11.2017,IOTA
07.11.2017,ZEILTA
07.11.2017,DELTA
06.11.2017,ZEILTA
06.11.2017,DEPO COFFEE
06.11.2017,IOTA
06.11.2017,DELTA
03.11.2017,ZEILTA
03.11.2017,ZEILTA
03.11.2017,DEPO COFFEE
02.11.2017,DELTA
01.11.2017,IOTA
31.10.2017,OMICRON
31.10.2017,ZEILTA
31.10.2017,ALPHA
30.10.2017,DELTA
30.10.2017,TELTA
27.10.2017,BLACK AND WHITE
27.10.2017,EPSILON
26.10.2017,OMICRON
25.10.2017,ZEILTA
24.10.2017,ZEILTA
24.10.2017,DELTA
24.10.2017,DEPO COFFEE
24.10.2017,E01TA
23.10.2017,IOTA
23.10.2017,OMICRON
23.10.2017,EPSILON
23.10.2017,DELTA
20.10.2017,OMICRON
20.10.2017,IOTA
19.10.2017,KAPPA
19.10.2017,DELTA
18.10.2017,TELTA
18.10.2017,IOTA
18.10.2017,ZEILTA
17.10.2017,DELTA
17.10.2017,DEPO COFFEE
16.10.2017,TELTA
16.10.2017,IOTA
16.10.2017,ALPHA
13.10.2017,FK TESIS ISLETMECILG
13.10.2017,EPSILON
13.10.2017,DELTA
13.10.2017,OMICRON
13.10.2017,COLLEZZINE
13.10.2017,TELTA
13.10.2017,ZEILTA
12.10.2017,TELTA
11.10.2017,E01TA
11.10.2017,IOTA
11.10.2017,ZEILTA
10.10.2017,OMICRON
10.10.2017,DELTA
09.10.2017,DEPO COFFEE
09.10.2017,OMICRON
09.10.2017,DELTA
09.10.2017,ALPHA
09.10.2017,ZEILTA
09.10.2017,NU1
09.10.2017,PIO1
09.10.2017,ZEILTA
09.10.2017,OMICRON
09.10.2017,EPSILON
09.10.2017,TELTA
06.10.2017,DELTA
06.10.2017,DEPO COFFEE
06.10.2017,BEITA
06.10.2017,OMICRON
05.10.2017,ZEILTA
05.10.2017,TELTA
04.10.2017,OMICRON
04.10.2017,DELTA
04.10.2017,TELTA
03.10.2017,DEPO COFFEE
02.10.2017,TELTA
02.10.2017,OMICRON
02.10.2017,E01TA
30.09.2017,OMICRON
30.09.2017,TELTA
30.09.2017,KEMERLI
29.09.2017,ZEILTA
29.09.2017,OMICRON
29.09.2017,DELTA
28.09.2017,OMICRON
28.09.2017,TELTA
27.09.2017,TELTA
27.09.2017,DELTA
27.09.2017,OMICRON
27.09.2017,CAROUSEL
27.09.2017,KAPPA
27.09.2017,ALPHA
27.09.2017,ZEILTA
27.09.2017,OMICRON
26.09.2017,TELTA
26.09.2017,DELTA
26.09.2017,ZEILTA
25.09.2017,ALPHA
25.09.2017,TELTA
25.09.2017,E01TA
25.09.2017,DELTA
25.09.2017,CAROUSEL
25.09.2017,HAKAN CEVIZCI
25.09.2017,E01TA
22.09.2017,DELTA
22.09.2017,BLACK AND WHITE
22.09.2017,TELTA
21.09.2017,DELTA
20.09.2017,ALPHA
19.09.2017,TELTA
19.09.2017,ZEILTA
18.09.2017,ALPHA
18.09.2017,TELTA
18.09.2017,OMICRON
18.09.2017,E01TA
14.09.2017,INTERSPORT IST.FORUM
13.09.2017,E01TA
13.09.2017,TELTA
12.09.2017,ZEILTA
11.09.2017,KILYOS OTEL
11.09.2017,EGEMEN TURIZM
11.09.2017,MEA GIDA TURIZM ORGA
08.09.2017,ALPHA
07.09.2017,KERVAN KURUYEMIS
07.09.2017,LAMBDA
07.09.2017,EPSILON
05.09.2017,KANYON 141 BURGER KI
05.09.2017,RHO
05.09.2017,TELTA
28.08.2017,CAROUSEL
28.08.2017,BEITA
28.08.2017,RHO
28.08.2017,ERSONMEZ INSAAT VE T
24.08.2017,ALPHA
24.08.2017,DECATHLON - FORUM MA
24.08.2017,ZEILTA
21.08.2017,TELTA
18.08.2017,E01TA
16.08.2017,E01TA
14.08.2017,KUKA KAFE
14.08.2017,ALPHA
09.08.2017,GAMMA
02.08.2017,TELTA
01.08.2017,OMICRON
01.08.2017,ALPHA
31.07.2017,KAPPA
31.07.2017,ZEILTA
31.07.2017,OMICRON
31.07.2017,OMICRON
28.07.2017,TELTA
26.07.2017,TELTA
26.07.2017,ALPHA
24.07.2017,TELTA
24.07.2017,EPSILON
24.07.2017,TELTA
24.07.2017,GAMMA
17.07.2017,TELTA
17.07.2017,CAROUSEL
17.07.2017,ALPHA
17.07.2017,EPSILON
17.07.2017,RHO
17.07.2017,DELTA
17.07.2017,ZEILTA
14.07.2017,TELTA
14.07.2017,RHO
13.07.2017,TELTA
13.07.2017,OMICRON
12.07.2017,RHO
12.07.2017,CAROUSEL
12.07.2017,KAPPA
12.07.2017,ALPHA
12.07.2017,TELTA
11.07.2017,RHO
11.07.2017,KAPPA
10.07.2017,ALPHA
10.07.2017,ZEILTA
10.07.2017,ALPHA
10.07.2017,OMICRON
10.07.2017,OMICRON
10.07.2017,OMICRON
10.07.2017,RHO
10.07.2017,DELTA
07.07.2017,BLACK AND WHITE
07.07.2017,CIKOLATA DUKKANI MOD
07.07.2017,CAROUSEL
07.07.2017,OMICRON
06.07.2017,RHO
05.07.2017,TELTA
05.07.2017,DELTA
05.07.2017,ZEILTA
04.07.2017,TELTA
04.07.2017,PIO1
04.07.2017,ZEILTA
04.07.2017,ZEILTA
29.06.2017,ZEILTA
29.06.2017,TELTA
28.06.2017,TELTA
28.06.2017,ALPHA
22.06.2017,ZEILTA
21.06.2017,TELTA
21.06.2017,ALPHA
21.06.2017,ALPHA
20.06.2017,ZEILTA
20.06.2017,TELTA
20.06.2017,DELTA
19.06.2017,KOTON01
16.06.2017,BEITA
14.06.2017,RHO
08.06.2017,TELTA
06.06.2017,COLLEZZINE
06.06.2017,ZEILTA
05.06.2017,BEITA
29.05.2017,ALPHA
25.05.2017,PIO1
24.05.2017,ZEILTA
24.05.2017,RHO
24.05.2017,DELTA
24.05.2017,ALPHA
24.05.2017,OMICRON
22.05.2017,ZEILTA
22.05.2017,TELTA
22.05.2017,ALPHA
22.05.2017,RHO
22.05.2017,RHO
22.05.2017,EPSILON
22.05.2017,TELTA
15.05.2017,TELTA
15.05.2017,ALPHA
15.05.2017,DELTA
15.05.2017,EPSILON
15.05.2017,RHO
11.05.2017,RHO
10.05.2017,BLACK AND WHITE
10.05.2017,ALPHA
09.05.2017,RHO
08.05.2017,TELTA
08.05.2017,EPSILON
08.05.2017,RHO
08.05.2017,KAPPA
08.05.2017,GOKSU GIDA INS.MADEN
05.05.2017,DELTA
05.05.2017,RHO
04.05.2017,DELTA
04.05.2017,ALPHA
03.05.2017,ZEILTA
03.05.2017,TELTA
03.05.2017,ALPHA
28.04.2017,SOLAR
27.04.2017,DELTA
27.04.2017,EPSILON
26.04.2017,E01TA
26.04.2017,E01TA
25.04.2017,PIO1
24.04.2017,TELTA
24.04.2017,ZEILTA
24.04.2017,BLACK AND WHITE
24.04.2017,EPSILON
24.04.2017,RHO
24.04.2017,DELTA
24.04.2017,TELTA
24.04.2017,SOLAR
24.04.2017,ZEILTA
21.04.2017,ZEILTA
21.04.2017,DELTA
21.04.2017,TELTA
20.04.2017,ZEILTA
19.04.2017,MEYDAN FTL K D NER
19.04.2017,E01TA
19.04.2017,RHO
18.04.2017,DELTA
17.04.2017,LAMBDA
17.04.2017,BLACK AND WHITE
13.04.2017,DELTA
13.04.2017,ZEILTA
13.04.2017,RHO
12.04.2017,HAKAN AKYOL VE HAKKI
12.04.2017,RHO
11.04.2017,DELTA
10.04.2017,ALPHA
10.04.2017,DELTA
07.04.2017,ALPHA
06.04.2017,KAPPA
05.04.2017,RHO
03.04.2017,DELTA
03.04.2017,ZEILTA
03.04.2017,TELTA
31.03.2017,CAROUSEL
31.03.2017,SOLAR
30.03.2017,DELTA
29.03.2017,TELTA
29.03.2017,MCDONALTS
29.03.2017,ALPHA
29.03.2017,OMICRON
29.03.2017,RHO
29.03.2017,EPSILON
28.03.2017,DELTA
28.03.2017,EFE CILT BASKI
27.03.2017,LAMBDA
27.03.2017,TELTA
27.03.2017,ZEILTA
27.03.2017,OMICRON
27.03.2017,DELTA
24.03.2017,OMICRON
24.03.2017,ZEILTA
23.03.2017,EPSILON
23.03.2017,DELTA
22.03.2017,LAMBDA
21.03.2017,OMICRON
20.03.2017,GAMMA
20.03.2017,CAROUSEL
20.03.2017,HEMA01
20.03.2017,SOLAR
20.03.2017,OMICRON
20.03.2017,ALPHA
20.03.2017,DELTA
20.03.2017,CAROUSEL
20.03.2017,PIO1
20.03.2017,E01TA
17.03.2017,DELTA
17.03.2017,E01TA
17.03.2017,COLLEZZINE
16.03.2017,TELTA
16.03.2017,E01TA
16.03.2017,ALPHA
16.03.2017,RHO
16.03.2017,BLACK AND WHITE
16.03.2017,ZEILTA
16.03.2017,OMICRON
15.03.2017,COLLEZZINE
14.03.2017,TELTA
14.03.2017,RHO
13.03.2017,RHO
10.03.2017,DELTA
10.03.2017,BLACK AND WHITE
10.03.2017,E01TA
10.03.2017,EPSILON
10.03.2017,TELTA
08.03.2017,COLLEZZINE
08.03.2017,ZEILTA
07.03.2017,COLLEZZINE
07.03.2017,EPSILON
07.03.2017,OMICRON
07.03.2017,ALPHA
07.03.2017,DELTA
07.03.2017,DELTA
07.03.2017,TELTA
06.03.2017,COLLEZZINE
06.03.2017,DELTA
06.03.2017,DELTA
06.03.2017,CAROUSEL
06.03.2017,EPSILON
03.03.2017,ALPHA
03.03.2017,DELTA
03.03.2017,TELTA
03.03.2017,DELTA
02.03.2017,BLACK AND WHITE
02.03.2017,ZEILTA
02.03.2017,DELTA
01.03.2017,BLACK AND WHITE
01.03.2017,KAPPA
28.02.2017,TELTA
28.02.2017,BLACK AND WHITE
28.02.2017,ALPHA
28.02.2017,DELTA
28.02.2017,OMICRON
27.02.2017,KADIKOY BENZIN KAFER
27.02.2017,BLACK AND WHITE
27.02.2017,TELTA
27.02.2017,DELTA
27.02.2017,CAROUSEL
27.02.2017,BLACK AND WHITE
27.02.2017,ZEILTA
27.02.2017,GAMMA
27.02.2017,EPSILON
27.02.2017,MIGROS SISLI CEVAHIR
27.02.2017,LAMBDA
27.02.2017,BLACK AND WHITE
24.02.2017,DELTA
24.02.2017,OMEGA
22.02.2017,BLACK AND WHITE
21.02.2017,GAMMA
21.02.2017,DELTA
21.02.2017,ZEILTA
20.02.2017,LAMBDA
20.02.2017,TELTA
20.02.2017,DELTA
20.02.2017,ALPHA
20.02.2017,PIO1
20.02.2017,EPSILON
20.02.2017,OMICRON
20.02.2017,BLACK AND WHITE
20.02.2017,EPSILON
20.02.2017,CAROUSEL
20.02.2017,CAROUSEL
17.02.2017,TELTA
16.02.2017,BLACK AND WHITE
16.02.2017,ZEILTA
16.02.2017,TELTA
15.02.2017,ALPHA
15.02.2017,DELTA
15.02.2017,TELTA
14.02.2017,DELTA
14.02.2017,KAPPA
14.02.2017,BLACK AND WHITE
14.02.2017,DELTA
13.02.2017,DELTA
13.02.2017,TELTA
13.02.2017,CAROUSEL
13.02.2017,EPSILON
13.02.2017,ZEILTA
13.02.2017,EPSILON
13.02.2017,BLACK AND WHITE
13.02.2017,RHO
13.02.2017,BLACK AND WHITE
10.02.2017,DELTA
10.02.2017,TELTA
09.02.2017,DELTA
06.02.2017,RHO
06.02.2017,DELTA
03.02.2017,ALPHA
03.02.2017,LAMBDA
03.02.2017,TELTA
03.02.2017,EPSILON
02.02.2017,ZEILTA
02.02.2017,LAMBDA
02.02.2017,DELTA
01.02.2017,BLACK AND WHITE
01.02.2017,DELTA
01.02.2017,DELTA
31.01.2017,BLACK AND WHITE
31.01.2017,COLLEZZINE
31.01.2017,OMEGA
30.01.2017,TELTA
30.01.2017,KEMERLI
27.01.2017,TELTA
26.01.2017,LAMBDA
26.01.2017,E01TA
26.01.2017,TELTA
25.01.2017,ALPHA
23.01.2017,LAMBDA
23.01.2017,TELTA
23.01.2017,E01TA
23.01.2017,BLACK AND WHITE
23.01.2017,OMICRON
23.01.2017,PIO1
23.01.2017,ZEILTA
23.01.2017,BLACK AND WHITE
23.01.2017,DELTA
23.01.2017,OMICRON
19.01.2017,TELTA
19.01.2017,PIO1
19.01.2017,ZEILTA
19.01.2017,LAMBDA
18.01.2017,ZEILTA
16.01.2017,DELTA
16.01.2017,E01TA
16.01.2017,ZEILTA
16.01.2017,BLACK AND WHITE
16.01.2017,ALPHA
16.01.2017,DELTA
16.01.2017,ALPHA
16.01.2017,OMICRON
16.01.2017,PIO1
16.01.2017,RHO
13.01.2017,MCDONALTS
12.01.2017,ALPHA
12.01.2017,BLACK AND WHITE
06.01.2017,ALPHA
02.01.2017,ALPHA
23.12.2016,PIO1
20.12.2016,TELTA
19.12.2016,DELTA
19.12.2016,E01TA
19.12.2016,EPSILON
19.12.2016,TELTA
19.12.2016,BLACK AND WHITE
19.12.2016,KOTON01
19.12.2016,BLACK AND WHITE
19.12.2016,IOTA
19.12.2016,OMICRON
19.12.2016,DELTA
19.12.2016,IOTA
16.12.2016,KAPPA
16.12.2016,ECZANE EMEK
16.12.2016,ALPHA
16.12.2016,TELTA
16.12.2016,DELTA
15.12.2016,BLACK AND WHITE
15.12.2016,DELTA
15.12.2016,EPSILON
14.12.2016,ZEILTA
14.12.2016,DELTA
14.12.2016,TELTA
14.12.2016,ZEILTA
13.12.2016,EPSILON
13.12.2016,BEITA
13.12.2016,GREYDER01
13.12.2016,BLACK AND WHITE
13.12.2016,ZEILTA
13.12.2016,KAPPA
12.12.2016,CIGERCI HULUSI
12.12.2016,TELTA
12.12.2016,ZEILTA
12.12.2016,EPSILON
12.12.2016,EMRE ULUSALOGLU
12.12.2016,DELTA
12.12.2016,E01TA
09.12.2016,DELTA
08.12.2016,DELTA
08.12.2016,EPSILON
08.12.2016,ZEILTA
07.12.2016,DELTA
07.12.2016,TELTA
07.12.2016,ALPHA
06.12.2016,DELTA
06.12.2016,BLACK AND WHITE
06.12.2016,TELTA
05.12.2016,DELTA
05.12.2016,BLACK AND WHITE
05.12.2016,ERCE GIDA KAFE VE RE
05.12.2016,LAMBDA
02.12.2016,DELTA
01.12.2016,ZEILTA
01.12.2016,TELTA
01.12.2016,BLACK AND WHITE
01.12.2016,ZEILTA
30.11.2016,DELTA
30.11.2016,FE01TAY
29.11.2016,DELTA
29.11.2016,E01TA
28.11.2016,ZEILTA
28.11.2016,DELTA
28.11.2016,EPSILON
28.11.2016,TELTA
28.11.2016,ALPHA
28.11.2016,ETKA SEKERLEME
25.11.2016,BEITA
25.11.2016,TELTA
25.11.2016,CAROUSEL
24.11.2016,OMICRON
24.11.2016,BEITA
24.11.2016,TELTA
24.11.2016,BLACK AND WHITE
24.11.2016,ZEILTA
23.11.2016,E01TA
23.11.2016,DELTA
23.11.2016,EPSILON
22.11.2016,TELTA
22.11.2016,DELTA
22.11.2016,BLACK AND WHITE
22.11.2016,E01TA
21.11.2016,DELTA
21.11.2016,TELTA
21.11.2016,DELTA
21.11.2016,LAMBDA
21.11.2016,ZEILTA
21.11.2016,BEITA
21.11.2016,CEVAHIR
21.11.2016,CAFE GEYIK
21.11.2016,BLACK AND WHITE
18.11.2016,ZEILTA
18.11.2016,OMEGA
18.11.2016,TELTA
18.11.2016,ZEILTA
17.11.2016,BLACK AND WHITE
17.11.2016,ZEILTA
17.11.2016,TELTA
17.11.2016,RHO
17.11.2016,E01TA
16.11.2016,ZEILTA
16.11.2016,TELTA
16.11.2016,ZEILTA
15.11.2016,BLACK AND WHITE
15.11.2016,ZEILTA
15.11.2016,TELTA
14.11.2016,TELTA
14.11.2016,BEITA
14.11.2016,IOTA
14.11.2016,ZEILTA
14.11.2016,EPSILON
14.11.2016,ALPHA
14.11.2016,BLACK AND WHITE
11.11.2016,PIO1
10.11.2016,DELTA
10.11.2016,FE01TAY
09.11.2016,DELTA
09.11.2016,MEMORY
09.11.2016,DELTA
09.11.2016,LAMBDA
08.11.2016,BLACK AND WHITE
08.11.2016,MU1
08.11.2016,CAROUSEL
07.11.2016,PIO1
07.11.2016,TELTA
07.11.2016,ALPHA
07.11.2016,BLACK AND WHITE
07.11.2016,DELTA
07.11.2016,EPSILON
07.11.2016,ZEILTA
07.11.2016,PIO1
07.11.2016,E01TA
07.11.2016,KEMERLI
07.11.2016,IOTA
07.11.2016,SOLAR
07.11.2016,CAROUSEL
04.11.2016,BLACK AND WHITE
03.11.2016,DELTA
03.11.2016,TELTA
02.11.2016,OMICRON
02.11.2016,TELTA
01.11.2016,PIO1
01.11.2016,TELTA
31.10.2016,ZEILTA
31.10.2016,ALPHA
31.10.2016,DELTA
31.10.2016,PIO1
31.10.2016,NU1
31.10.2016,BLACK AND WHITE
31.10.2016,CAROUSEL
31.10.2016,MASLAK UNIQ MIGROS
31.10.2016,BLACK AND WHITE
28.10.2016,DELTA
28.10.2016,TELTA
28.10.2016,GAMMA
28.10.2016,DELTA
28.10.2016,GAMMA
26.10.2016,BLACK AND WHITE
26.10.2016,KEMERLI
26.10.2016,MEMORY
25.10.2016,PIO1
25.10.2016,DELTA
25.10.2016,BLACK AND WHITE
24.10.2016,OMICRON
21.10.2016,BLACK AND WHITE
20.10.2016,DELTA
20.10.2016,PIO1
20.10.2016,ZEILTA
19.10.2016,DELTA
19.10.2016,ALPHA
18.10.2016,ZEILTA
18.10.2016,TELTA
18.10.2016,EPSILON
18.10.2016,DELTA
18.10.2016,MEMORY
17.10.2016,ZEILTA
17.10.2016,TELTA
17.10.2016,DELTA
17.10.2016,MU1
17.10.2016,RHO
17.10.2016,OMICRON
17.10.2016,MU1
17.10.2016,PIO1
17.10.2016,NU1
13.10.2016,DELTA
12.10.2016,ZEILTA
11.10.2016,FE01TAY
11.10.2016,DELTA
11.10.2016,MU1
10.10.2016,ZEILTA
10.10.2016,SOLAR
10.10.2016,DELTA
10.10.2016,BEITA
07.10.2016,OMICRON
06.10.2016,ALPHA
06.10.2016,BLACK AND WHITE
06.10.2016,IOTA
06.10.2016,RHO
06.10.2016,MU1
05.10.2016,DELTA
05.10.2016,RUMELIHISAR
04.10.2016,DELTA
04.10.2016,MEMORY
04.10.2016,OMICRON
03.10.2016,SOLAR
03.10.2016,IOTA
03.10.2016,ALPHA
03.10.2016,BLACK AND WHITE
03.10.2016,TELTA
03.10.2016,GEYIK CAFE
03.10.2016,BLACK AND WHITE
03.10.2016,BLACK AND WHITE
03.10.2016,OMICRON
30.09.2016,MEMORY
30.09.2016,KAPPA
30.09.2016,TELTA
30.09.2016,OMEGA
30.09.2016,LAMBDA
29.09.2016,TELTA
27.09.2016,DELTA
27.09.2016,BLACK AND WHITE
27.09.2016,EPSILON
27.09.2016,GAMMA
27.09.2016,DELTA
27.09.2016,OMICRON
27.09.2016,BLACK AND WHITE
27.09.2016,SOLAR
26.09.2016,DELTA
26.09.2016,EPSILON
26.09.2016,OMICRON
23.09.2016,DELTA
23.09.2016,GAMMA
22.09.2016,BLACK AND WHITE
22.09.2016,TELTA
22.09.2016,DELTA
22.09.2016,BLACK AND WHITE
21.09.2016,E01TA
21.09.2016,DELTA
21.09.2016,IOTA
21.09.2016,ZEILTA
20.09.2016,DELTA
20.09.2016,BLACK AND WHITE
20.09.2016,DELTA
19.09.2016,E01TA
19.09.2016,DELTA
19.09.2016,GAMMA
19.09.2016,MEMORY
19.09.2016,TELTA
16.09.2016,BLACK AND WHITE
16.09.2016,EPSILON
16.09.2016,BLACK AND WHITE
16.09.2016,E01TA
16.09.2016,MU1
16.09.2016,ZEILTA
16.09.2016,OMICRON
16.09.2016,HEMA01
16.09.2016,EPSILON
16.09.2016,GAMMA
16.09.2016,ZEILTA
16.09.2016,GAMMA
16.09.2016,BLACK AND WHITE
16.09.2016,BEITA
16.09.2016,OMICRON
16.09.2016,BEITA
16.09.2016,ZEILTA
16.09.2016,TELTA
16.09.2016,DELTA
16.09.2016,XI
16.09.2016,ZEILTA
16.09.2016,EPSILON
09.09.2016,BLACK AND WHITE
08.09.2016,XI
08.09.2016,PIO1
08.09.2016,BLACK AND WHITE
06.09.2016,PIO1
05.09.2016,DELTA
31.08.2016,BEITA
31.08.2016,MARMARA FORUM BURGER
29.08.2016,BEITA
29.08.2016,ALPHA
24.08.2016,BLACK AND WHITE
24.08.2016,BEITA
17.08.2016,GAMMA
16.08.2016,ALPHA
15.08.2016,BEITA
12.08.2016,TELTA
12.08.2016,BLACK AND WHITE
11.08.2016,TELTA
10.08.2016,XI
10.08.2016,TELTA
09.08.2016,GAMMA
09.08.2016,DELTA
09.08.2016,EPSILON
09.08.2016,TELTA
08.08.2016,ZEILTA
08.08.2016,BLACK AND WHITE
08.08.2016,XI
08.08.2016,TELTA
08.08.2016,GAMMA
08.08.2016,ZEILTA
08.08.2016,PLUTTON
08.08.2016,DELTA
08.08.2016,PIO1
08.08.2016,OMICRON
08.08.2016,TELTA
08.08.2016,GAMMA
08.08.2016,MEMORY
08.08.2016,XI
08.08.2016,BLACK AND WHITE
08.08.2016,CAROUSEL
05.08.2016,PIO1
05.08.2016,TELTA
05.08.2016,GAMMA
05.08.2016,EPSILON
05.08.2016,BLACK AND WHITE
04.08.2016,XI
04.08.2016,PIO1
03.08.2016,IOTA
03.08.2016,OMEGA
03.08.2016,OMICRON
02.08.2016,PIO1
02.08.2016,XI
02.08.2016,GAMMA
02.08.2016,DELTA
01.08.2016,TELTA
01.08.2016,BLACK AND WHITE
31.07.2016,ZEILTA
31.07.2016,TELTA
31.07.2016,ZEILTA
31.07.2016,OMICRON
29.07.2016,LAMBDA
26.07.2016,BLACK AND WHITE
26.07.2016,ZEILTA
26.07.2016,TELTA
25.07.2016,PIO1
25.07.2016,TELTA
25.07.2016,DELTA
25.07.2016,RHO
25.07.2016,ZEILTA
25.07.2016,GAMMA
22.07.2016,BLACK AND WHITE
22.07.2016,ALPHA
22.07.2016,RHO
21.07.2016,ZEILTA
21.07.2016,NU1
20.07.2016,ZEILTA
20.07.2016,GAMMA
19.07.2016,ZEILTA
19.07.2016,TELTA
19.07.2016,DELTA
19.07.2016,BLACK AND WHITE
19.07.2016,BLACK AND WHITE
18.07.2016,GAMMA
18.07.2016,RHO
18.07.2016,BLACK AND WHITE
18.07.2016,E01TA
15.07.2016,PIO1
13.07.2016,OMICRON
13.07.2016,BLACK AND WHITE
12.07.2016,PIO1
12.07.2016,DELTA
12.07.2016,RHO
11.07.2016,GAMMA
11.07.2016,DELTA
11.07.2016,ZEILTA
11.07.2016,BLACK AND WHITE
11.07.2016,ZEILTA
11.07.2016,E01TA
11.07.2016,CAROUSEL
11.07.2016,ZEILTA
08.07.2016,ZEILTA
08.07.2016,PIO1
08.07.2016,E01TA
08.07.2016,ZEILTA
08.07.2016,BLACK AND WHITE
08.07.2016,ZEILTA
08.07.2016,LAMBDA
04.07.2016,ZEILTA
04.07.2016,RHO
04.07.2016,ALPHA
04.07.2016,ZEILTA
04.07.2016,LAMBDA
04.07.2016,OMICRON
04.07.2016,BLACK AND WHITE
01.07.2016,ZEILTA
01.07.2016,E01TA
01.07.2016,ALPHA
30.06.2016,LAMBDA
30.06.2016,ALPHA
30.06.2016,DELTA
30.06.2016,RHO
29.06.2016,DELTA
29.06.2016,MEMORY
29.06.2016,DELTA
29.06.2016,ALPHA
28.06.2016,BLACK AND WHITE
28.06.2016,RHO
28.06.2016,DELTA
27.06.2016,LAMBDA
27.06.2016,DELTA
27.06.2016,BLACK AND WHITE
24.06.2016,RHO
24.06.2016,RHO
23.06.2016,E01TA
23.06.2016,DELTA
22.06.2016,CAROUSEL
20.06.2016,BLACK AND WHITE
20.06.2016,ZEILTA
20.06.2016,TELTA
20.06.2016,RHO
20.06.2016,DELTA
20.06.2016,ALPHA
20.06.2016,EPSILON
20.06.2016,E01TA
20.06.2016,LAMBDA
20.06.2016,BLACK AND WHITE
20.06.2016,ZEILTA
20.06.2016,BLACK AND WHITE
17.06.2016,DELTA
17.06.2016,BLACK AND WHITE
16.06.2016,IOTA
16.06.2016,LAMBDA
16.06.2016,OMICRON
16.06.2016,ZEILTA
15.06.2016,TELTA
14.06.2016,ZEILTA
13.06.2016,ALPHA
13.06.2016,LAMBDA
13.06.2016,ZEILTA
13.06.2016,BLACK AND WHITE
10.06.2016,OMICRON
09.06.2016,TELTA
08.06.2016,E01TA
08.06.2016,TELTA
07.06.2016,LAMBDA
07.06.2016,E01TA
06.06.2016,ZEILTA
06.06.2016,TELTA
06.06.2016,OMICRON
06.06.2016,DELTA
06.06.2016,ZEILTA
06.06.2016,PIO1
06.06.2016,TELTA
06.06.2016,LAMBDA
03.06.2016,RHO
03.06.2016,ZEILTA
02.06.2016,E01TA
02.06.2016,NU1
01.06.2016,IOTA
01.06.2016,DOMINOS PIO1ZZA KAY D
01.06.2016,RHO
30.05.2016,BERKDENIZ
30.05.2016,LAMBDA
30.05.2016,BLACK AND WHITE
30.05.2016,RHO
30.05.2016,TELTA
30.05.2016,MU1
30.05.2016,IOTA
27.05.2016,IOTA
27.05.2016,ZEILTA
26.05.2016,TELTA
26.05.2016,LAMBDA
25.05.2016,BLACK AND WHITE
25.05.2016,CAROUSEL
25.05.2016,LAMBDA
25.05.2016,DENIZKIZI TUR
25.05.2016,DELTA
24.05.2016,PIO1
24.05.2016,TELTA
24.05.2016,IOTA
24.05.2016,ALPHA
24.05.2016,LAMBDA
23.05.2016,ZEILTA
23.05.2016,TELTA
23.05.2016,DELTA
23.05.2016,DELTA
23.05.2016,OMICRON
23.05.2016,PIO1
23.05.2016,TELTA
23.05.2016,ALPHA
23.05.2016,IOTA
23.05.2016,ZEILTA
23.05.2016,LAMBDA
23.05.2016,E01TA
23.05.2016,DELTA
20.05.2016,MEMORY
20.05.2016,LAMBDA
20.05.2016,SIGMA
20.05.2016,DELTA
20.05.2016,DELTA
20.05.2016,PIO1
20.05.2016,TELTA
20.05.2016,PIO1
20.05.2016,NU1
20.05.2016,TELTA
18.05.2016,ZEILTA
18.05.2016,KAPPA
18.05.2016,PIO1
18.05.2016,TELTA
18.05.2016,DELTA
18.05.2016,DELTA
17.05.2016,LAMBDA
17.05.2016,RHO
17.05.2016,OMICRON
16.05.2016,PIO1
16.05.2016,KAPPA
16.05.2016,E01TA
16.05.2016,BLACK AND WHITE
16.05.2016,SOLAR
16.05.2016,LAMBDA
16.05.2016,E01TA
16.05.2016,BLACK AND WHITE
16.05.2016,GAMMA
16.05.2016,BLACK AND WHITE
16.05.2016,SOLAR
16.05.2016,BLACK AND WHITE
16.05.2016,ALPHA
16.05.2016,IZMIRRAKI
13.05.2016,DELTA
13.05.2016,LAMBDA
13.05.2016,OMICRON
13.05.2016,ZEILTA
13.05.2016,NU1
13.05.2016,E01TA
13.05.2016,DELTA
13.05.2016,ZEILTA
13.05.2016,TELTA
12.05.2016,PIO1
12.05.2016,TELTA
12.05.2016,DELTA
12.05.2016,BLACK AND WHITE
12.05.2016,TELTA
12.05.2016,SOLAR
11.05.2016,MEMORY
11.05.2016,TELTA
11.05.2016,DELTA
11.05.2016,ZEILTA
10.05.2016,PIO1
10.05.2016,TELTA
10.05.2016,KEMERLI
10.05.2016,DELTA
09.05.2016,DELTA
09.05.2016,PIO1
09.05.2016,SOLAR
09.05.2016,TELTA
09.05.2016,PIO1
09.05.2016,E01TA
09.05.2016,MEMORY
09.05.2016,TELTA
09.05.2016,NU1
09.05.2016,PIO1
09.05.2016,SOLAR
09.05.2016,OMICRON
06.05.2016,PIO1
06.05.2016,OMICRON
06.05.2016,TELTA
05.05.2016,PIO1
05.05.2016,LAMBDA
05.05.2016,TELTA
04.05.2016,SOLAR
04.05.2016,DELTA
04.05.2016,EPSILON
04.05.2016,DELTA
03.05.2016,BLACK AND WHITE
03.05.2016,LAMBDA
03.05.2016,OMICRON
03.05.2016,ALPHA
03.05.2016,IOTA
03.05.2016,ZEILTA
02.05.2016,LAMBDA
02.05.2016,TELTA
02.05.2016,ZEILTA
02.05.2016,DELTA
02.05.2016,BLACK AND WHITE
30.04.2016,TELTA
30.04.2016,ALPHA
30.04.2016,ALPHA
29.04.2016,BLACK AND WHITE
29.04.2016,PIO1
29.04.2016,LAMBDA
29.04.2016,TELTA
29.04.2016,DELTA
29.04.2016,ZEILTA
28.04.2016,DELTA
28.04.2016,DELTA
28.04.2016,DELTA
28.04.2016,DELTA
28.04.2016,TELTA
28.04.2016,DELTA
27.04.2016,BLACK AND WHITE
27.04.2016,BLACK AND WHITE
27.04.2016,PIO1
27.04.2016,ZEILTA
27.04.2016,TELTA
26.04.2016,EPSILON
26.04.2016,PIO1
26.04.2016,TELTA
25.04.2016,ZEILTA
25.04.2016,TELTA
25.04.2016,BLACK AND WHITE
25.04.2016,TELTA
25.04.2016,ZEILTA
25.04.2016,KEMERLI
25.04.2016,KAPPA
25.04.2016,DELTA
25.04.2016,ZEILTA
25.04.2016,CAROUSEL
25.04.2016,ALPHA
25.04.2016,SIGMA
25.04.2016,LAMBDA
25.04.2016,ZEILTA
25.04.2016,OMICRON
22.04.2016,PIO1
22.04.2016,XI
22.04.2016,TELTA
22.04.2016,ZEILTA
21.04.2016,BLACK AND WHITE
21.04.2016,DELTA
21.04.2016,TELTA
21.04.2016,LAMBDA
20.04.2016,TELTA
20.04.2016,KEMERLI
20.04.2016,TELTA
20.04.2016,DELTA
19.04.2016,PIO1
19.04.2016,PIO1
19.04.2016,TELTA
19.04.2016,DELTA
18.04.2016,PIO1
18.04.2016,TELTA
18.04.2016,TELTA
18.04.2016,TELTA
18.04.2016,PIO1
18.04.2016,TELTA
18.04.2016,OMICRON
18.04.2016,ZEILTA
18.04.2016,PLUTTON
15.04.2016,BLACK AND WHITE
15.04.2016,TELTA
15.04.2016,MEMORY
14.04.2016,DELTA
14.04.2016,TELTA
14.04.2016,DELTA
14.04.2016,ZEILTA
13.04.2016,LAMBDA
13.04.2016,PIO1
13.04.2016,TELTA
13.04.2016,DELTA
13.04.2016,MEMORY
13.04.2016,OMICRON
12.04.2016,SIGMA
12.04.2016,DELTA
12.04.2016,DELTA
12.04.2016,TELTA
11.04.2016,PIO1
11.04.2016,E01TA
11.04.2016,LAMBDA
11.04.2016,DELTA
11.04.2016,OMICRON
11.04.2016,ZEILTA
11.04.2016,TELTA
11.04.2016,SOLAR
11.04.2016,OMICRON
11.04.2016,PIO1
11.04.2016,ZEILTA
11.04.2016,IOTA
08.04.2016,DELTA
08.04.2016,LAMBDA
08.04.2016,GAMMA
08.04.2016,PIO1
08.04.2016,BLACK AND WHITE
08.04.2016,E01TA
07.04.2016,PIO1
07.04.2016,DELTA
07.04.2016,TELTA
07.04.2016,DELTA
07.04.2016,OMICRON
07.04.2016,SOLAR
07.04.2016,SOLAR
06.04.2016,GAMMA
06.04.2016,SIGMA
06.04.2016,ALPHA
06.04.2016,GAMMA
05.04.2016,TELTA
05.04.2016,LAMBDA
05.04.2016,DELTA
05.04.2016,BLACK AND WHITE
05.04.2016,DELTA
05.04.2016,ZEILTA
04.04.2016,PIO1
04.04.2016,TELTA
04.04.2016,DELTA
04.04.2016,GAMMA
04.04.2016,PIO1
04.04.2016,ALPHA
04.04.2016,PIO1
04.04.2016,TELTA
04.04.2016,ALPHA
04.04.2016,BLACK AND WHITE
01.04.2016,SIGMA
01.04.2016,DELTA
01.04.2016,ZEILTA
01.04.2016,OMICRON
31.03.2016,ZEILTA
30.03.2016,PIO1
30.03.2016,E01TA
30.03.2016,GAMMA
29.03.2016,BLACK AND WHITE
29.03.2016,TELTA
29.03.2016,DELTA
29.03.2016,KAPPA
29.03.2016,PIO1
28.03.2016,ZEILTA
28.03.2016,GAMMA
28.03.2016,BLACK AND WHITE
28.03.2016,CAROUSEL
28.03.2016,PIO1
28.03.2016,E01TA
28.03.2016,ZEILTA
28.03.2016,CAROUSEL
28.03.2016,TELTA
28.03.2016,OMICRON
25.03.2016,PIO1
25.03.2016,GAMMA
25.03.2016,ZEILTA
24.03.2016,PIO1
24.03.2016,DELTA
24.03.2016,ALPHA
24.03.2016,ZEILTA
23.03.2016,KEMERLI
23.03.2016,DELTA
23.03.2016,GAMMA
22.03.2016,TELTA
22.03.2016,NU1
22.03.2016,PIO1
22.03.2016,TELTA
22.03.2016,BLACK AND WHITE
21.03.2016,NU1
21.03.2016,NU1
21.03.2016,ALPHA
21.03.2016,DELTA
21.03.2016,GAMMA
21.03.2016,BLACK AND WHITE
21.03.2016,PIO1
21.03.2016,GUNCELART
21.03.2016,ALPHA
21.03.2016,ZEILTA
21.03.2016,TELTA
21.03.2016,TELTA
21.03.2016,ALPHA
18.03.2016,GAMMA
18.03.2016,XI
18.03.2016,DELTA
17.03.2016,GAMMA
17.03.2016,DELTA
17.03.2016,BLACK AND WHITE
16.03.2016,ZEILTA
16.03.2016,DELTA
16.03.2016,DELTA
16.03.2016,TELTA
16.03.2016,DELTA
15.03.2016,ZEILTA
15.03.2016,TELTA
15.03.2016,BLACK AND WHITE
14.03.2016,GAMMA
14.03.2016,KAPPA
14.03.2016,KEMERLI
14.03.2016,TELTA
14.03.2016,DELTA
14.03.2016,ATAKOY
14.03.2016,GAMMA
14.03.2016,BEITA
14.03.2016,KAPPA
14.03.2016,BLACK AND WHITE
11.03.2016,PIO1
11.03.2016,DELTA
10.03.2016,ALPHA
10.03.2016,BLACK AND WHITE
10.03.2016,GAMMA
10.03.2016,KAPPA
09.03.2016,BLACK AND WHITE
09.03.2016,GAMMA
09.03.2016,KAPPA
08.03.2016,GAMMA
08.03.2016,DELTA
08.03.2016,TELTA
08.03.2016,CAROUSEL
07.03.2016,GAMMA
07.03.2016,ALPHA
07.03.2016,BLACK AND WHITE
07.03.2016,KIRKPINAR
07.03.2016,ALPHA
07.03.2016,DELTA
07.03.2016,EPSILON
04.03.2016,OMICRON
04.03.2016,KAPPA
03.03.2016,GAMMA
02.03.2016,ZEILTA
02.03.2016,GAMMA
02.03.2016,DELTA
02.03.2016,E01TA
01.03.2016,BLACK AND WHITE
01.03.2016,GAMMA
01.03.2016,KAPPA
29.02.2016,BLACK AND WHITE
29.02.2016,DELTA
29.02.2016,BLACK AND WHITE
29.02.2016,ALPHA
29.02.2016,GAMMA
29.02.2016,JORDAN
29.02.2016,LAMBDA
29.02.2016,BLACK AND WHITE
26.02.2016,PIO1
26.02.2016,OMICRON
26.02.2016,KAPPA
26.02.2016,DELTA
26.02.2016,KAPPA
25.02.2016,ALPHA
25.02.2016,TELTA
25.02.2016,DELTA
24.02.2016,ALPHA
24.02.2016,BLACK AND WHITE
23.02.2016,ALPHA
22.02.2016,TELTA
19.02.2016,DELTA
16.02.2016,PIO1
15.02.2016,ZEILTA
09.02.2016,ALPHA
08.02.2016,KAPPA
08.02.2016,ALPHA
01.02.2016,GAMMA
31.01.2016,ALPHA
11.01.2016,E01TA
28.12.2015,ALPHA
28.12.2015,ALPHA
25.12.2015,KAPPA
25.12.2015,ALPHA
25.12.2015,BLACK AND WHITE
23.12.2015,LAMBDA
21.12.2015,ALPHA
21.12.2015,BEITA
17.12.2015,KAPPA
16.12.2015,ALPHA
14.12.2015,DELTA
14.12.2015,PIO1
14.12.2015,TELTA
14.12.2015,ZEILTA
14.12.2015,OMICRON
14.12.2015,PIO1
14.12.2015,KAPPA
14.12.2015,TELTA
14.12.2015,ZEILTA
14.12.2015,COLLEZZINE
14.12.2015,PIO1
14.12.2015,IOTA
14.12.2015,LAMBDA
11.12.2015,TELTA
11.12.2015,KEMERLI
11.12.2015,DELTA
11.12.2015,ALPHA
11.12.2015,RUMELIHISAR
11.12.2015,KEMERLI
09.12.2015,TELTA
08.12.2015,ZEILTA
08.12.2015,TELTA
08.12.2015,DELTA
08.12.2015,KAPPA
07.12.2015,KAPPA
07.12.2015,KEMERLI
07.12.2015,JEANSBLUE
04.12.2015,TELTA
03.12.2015,OMICRON
03.12.2015,TELTA
03.12.2015,KEMERLI
02.12.2015,ALPHA
02.12.2015,DELTA
01.12.2015,TELTA
01.12.2015,CAROUSEL
30.11.2015,ZEILTA
30.11.2015,DELTA
27.11.2015,ALPHA
27.11.2015,ZEILTA
27.11.2015,TELTA
26.11.2015,TELTA
25.11.2015,BLACK AND WHITE
25.11.2015,HEMA01
25.11.2015,ALPHA
25.11.2015,XI
25.11.2015,DELTA
25.11.2015,MEMORY
24.11.2015,KEMERLI
24.11.2015,TELTA
24.11.2015,RHO
23.11.2015,DOSTLAR
23.11.2015,XI
23.11.2015,KEMERLI
23.11.2015,DELTA
23.11.2015,ZEILTA
23.11.2015,OMICRON
23.11.2015,PIO1
23.11.2015,SIGMA
19.11.2015,BLACK AND WHITE
19.11.2015,SBARRO
19.11.2015,BEITA
17.11.2015,SIGMA
17.11.2015,KAPPA
13.11.2015,DELTA
13.11.2015,RUMELIHISAR
13.11.2015,NU1
12.11.2015,XI
12.11.2015,DELTA
11.11.2015,XI
11.11.2015,XI
11.11.2015,OMICRON
10.11.2015,DELTA
10.11.2015,XI
10.11.2015,KEMERLI
10.11.2015,XI
10.11.2015,ZEILTA
10.11.2015,KEMERLI
09.11.2015,TELTA
09.11.2015,XI
09.11.2015,PIO1
09.11.2015,PIO1
06.11.2015,OMICRON
05.11.2015,KEMERLI
05.11.2015,DELTA
05.11.2015,E01TA
04.11.2015,RHO
04.11.2015,DELTA
04.11.2015,EPSILON
04.11.2015,ZEILTA
04.11.2015,KEMERLI
03.11.2015,SIGMA
03.11.2015,DELTA
02.11.2015,BLACK AND WHITE
02.11.2015,SIGMA
02.11.2015,XI
02.11.2015,ZEILTA
02.11.2015,OMICRON
02.11.2015,ATAKOY
02.11.2015,DOREMI
31.10.2015,ZEILTA
30.10.2015,KEMERLI
30.10.2015,SIGMA
30.10.2015,NU1
30.10.2015,PIO1
30.10.2015,ZEILTA
27.10.2015,ZEILTA
26.10.2015,XI
26.10.2015,TELTA
19.10.2015,TELTA
19.10.2015,BEITA
19.10.2015,RUMELIHISAR
16.10.2015,KAPPA
16.10.2015,ZEILTA
15.10.2015,ZEILTA
15.10.2015,ZEILTA
15.10.2015,KIBRIT
15.10.2015,DELTA
14.10.2015,ALPHA
14.10.2015,DELTA
14.10.2015,OMICRON
12.10.2015,ZEILTA
12.10.2015,DELTA
12.10.2015,IOTA
12.10.2015,TELTA
12.10.2015,BEITA
12.10.2015,BEITA
09.10.2015,KAPPA
09.10.2015,TELTA
09.10.2015,BLACK AND WHITE
08.10.2015,CAROUSEL
08.10.2015,FIL
08.10.2015,EPSILON
08.10.2015,ZEILTA
08.10.2015,OMICRON
07.10.2015,TELTA
07.10.2015,BLACK AND WHITE
07.10.2015,BLACK AND WHITE
07.10.2015,BLACK AND WHITE
07.10.2015,DELTA
07.10.2015,OMICRON
06.10.2015,DELTA
05.10.2015,KAPPA
05.10.2015,EPSILON
05.10.2015,EPSILON
05.10.2015,IOTA
05.10.2015,OMICRON
05.10.2015,BLACK AND WHITE
05.10.2015,BEITA
05.10.2015,MJET
05.10.2015,ZEILTA
21.09.2015,DELTA
21.09.2015,ZEILTA
21.09.2015,TELTA
21.09.2015,HEMA01
17.09.2015,TELTA
17.09.2015,PIO1
15.09.2015,DELTA
15.09.2015,LAMBDA
15.09.2015,ALPHA
15.09.2015,XI
15.09.2015,ZEILTA
14.09.2015,LAMBDA
14.09.2015,TELTA
14.09.2015,NU1
14.09.2015,XI
14.09.2015,HEMA01
14.09.2015,ALIEFENDI
14.09.2015,DELTA
11.09.2015,MEMORY
11.09.2015,DELTA
11.09.2015,SOLAR
11.09.2015,SIGMA
11.09.2015,CAROUSEL
09.09.2015,RHO
09.09.2015,SOLAR
09.09.2015,TELTA
09.09.2015,ZEILTA
09.09.2015,SOLAR
08.09.2015,ALPHA
08.09.2015,TELTA
08.09.2015,OMICRON
07.09.2015,DELTA
07.09.2015,SIGMA
07.09.2015,MEMORY
07.09.2015,TELTA
07.09.2015,OMICRON
07.09.2015,SOLAR
07.09.2015,DELTA
12.08.2015,IOTA
11.08.2015,ZEILTA
11.08.2015,DELTA
11.08.2015,MEMORY
11.08.2015,IOTA
10.08.2015,TELTA
10.08.2015,PIO1
10.08.2015,IOTA
10.08.2015,ZEILTA
10.08.2015,TELTA
10.08.2015,PIO1
10.08.2015,IOTA
10.08.2015,PLUTTON
10.08.2015,PIO1
10.08.2015,DELTA
10.08.2015,IOTA
10.08.2015,ZEILTA
07.08.2015,PIO1
07.08.2015,LAMBDA
06.08.2015,TELTA
06.08.2015,PIO1
06.08.2015,ZEILTA
06.08.2015,ZEILTA
05.08.2015,TELTA
05.08.2015,PIO1
05.08.2015,OMICRON
05.08.2015,ZEILTA
04.08.2015,TELTA
04.08.2015,OMICRON
03.08.2015,ZEILTA
03.08.2015,PIO1
03.08.2015,ZEILTA
03.08.2015,PIO1
03.08.2015,DELTA
03.08.2015,ZEILTA
03.08.2015,SOLAR
03.08.2015,ZEILTA
31.07.2015,TELTA
31.07.2015,PIO1
30.07.2015,TELTA
30.07.2015,LAMBDA
30.07.2015,ZEILTA
29.07.2015,DELTA
28.07.2015,ZEILTA
28.07.2015,DELTA
28.07.2015,MEMORY
28.07.2015,TELTA
27.07.2015,OMICRON
27.07.2015,ALPHA
27.07.2015,ZEILTA
27.07.2015,LAMBDA
27.07.2015,DELTA
27.07.2015,TELTA
27.07.2015,SOLAR
27.07.2015,PIO1
27.07.2015,OMEGA
24.07.2015,LAMBDA
24.07.2015,PIO1
24.07.2015,PLUTTON
24.07.2015,BLACK AND WHITE
23.07.2015,TELTA
23.07.2015,ZEILTA
22.07.2015,PIO1
21.07.2015,DELTA
21.07.2015,TELTA
21.07.2015,PIO1
20.07.2015,TELTA
20.07.2015,OMEGA
20.07.2015,OMICRON
20.07.2015,PIO1
20.07.2015,OMICRON
20.07.2015,ZEILTA
20.07.2015,PIO1
20.07.2015,PIO1
20.07.2015,LAMBDA
15.07.2015,DELTA
14.07.2015,TELTA
13.07.2015,PIO1
10.07.2015,ZEILTA
10.07.2015,CAROUSEL
10.07.2015,BEITA
10.07.2015,DELTA
09.07.2015,ZEILTA
09.07.2015,DELTA
07.07.2015,OMEGA
07.07.2015,ALPHA
02.07.2015,RHO
30.06.2015,DELTA
29.06.2015,OMEGA
26.06.2015,RHO
25.06.2015,BLACK AND WHITE
25.06.2015,RHO
24.06.2015,RHO
24.06.2015,DELTA
23.06.2015,OMEGA
22.06.2015,BLACK AND WHITE
22.06.2015,OMICRON
19.06.2015,GAMMA
19.06.2015,DOUWE EGBERTS
16.06.2015,CAROUSEL
16.06.2015,BEITA
12.06.2015,CAROUSEL
11.06.2015,BEITA
11.06.2015,MINE KABA
11.06.2015,GAMMA
08.06.2015,PHI
08.06.2015,BEITA
08.06.2015,BEITA
05.06.2015,CAROUSEL
05.06.2015,BEITA
04.06.2015,CAROUSEL
04.06.2015,H-S TEKSTIL GIDA VE
04.06.2015,KAPSAM SINEMACILIK
03.06.2015,BEITA
02.06.2015,PHI
01.06.2015,TELTA
01.06.2015,CAROUSEL
01.06.2015,OMEGA
31.05.2015,BEITA
31.05.2015,BEITA
31.05.2015,DELTA
31.05.2015,SIGMA
29.05.2015,ZEILTA
29.05.2015,DELTA
29.05.2015,SIGMA
29.05.2015,MEMORY
28.05.2015,ALPHA
28.05.2015,SIGMA
27.05.2015,PIO1
26.05.2015,DELTA
25.05.2015,LAMBDA
25.05.2015,GAMMA
25.05.2015,ZEILTA
25.05.2015,OMICRON
25.05.2015,DELTA
25.05.2015,ZEILTA
25.05.2015,CAROUSEL
25.05.2015,PIO1
25.05.2015,SIGMA
25.05.2015,TELTA
22.05.2015,TAU
22.05.2015,ALPHA
22.05.2015,NU1
22.05.2015,ZEILTA
22.05.2015,TELTA
21.05.2015,DELTA
20.05.2015,DELTA
20.05.2015,ALPHA
20.05.2015,BLACK AND WHITE
18.05.2015,PHI
15.05.2015,SIGMA
13.05.2015,ALPHA
13.05.2015,DELTA
13.05.2015,SIGMA
13.05.2015,ZEILTA
13.05.2015,ALPHA
12.05.2015,ALPHA
28.04.2015,ALPHA
28.04.2015,DELTA
27.04.2015,ALPHA
27.04.2015,SIGMA
27.04.2015,KAPPA
27.04.2015,BEITA
24.04.2015,DELTA
24.04.2015,BEITA
24.04.2015,PHI
24.04.2015,ZEILTA
22.04.2015,DELTA
22.04.2015,OMEGA
22.04.2015,ALPHA
21.04.2015,CAROUSEL
21.04.2015,ZEILTA
20.04.2015,BEITA
20.04.2015,SIGMA
20.04.2015,E01TA
20.04.2015,ALPHA
20.04.2015,SIGMA
20.04.2015,TELTA
20.04.2015,IOTA
20.04.2015,KAPPA
17.04.2015,TELTA
17.04.2015,ZEILTA
16.04.2015,TELTA
15.04.2015,OMICRON
09.04.2015,LAMBDA
08.04.2015,DELTA
08.04.2015,LAMBDA
08.04.2015,GAMMA
06.04.2015,TELTA
06.04.2015,PIO1
06.04.2015,KUCUKSEZAR
24.03.2015,ALPHA
24.03.2015,DELTA
24.03.2015,NEKAKOFTE
24.03.2015,OMICRON
23.03.2015,BEITA
23.03.2015,CAROUSEL
23.03.2015,SOLAR
23.03.2015,ALPHA
23.03.2015,PHI
23.03.2015,PIO1
23.03.2015,SIGMA
23.03.2015,E01TA
18.03.2015,ALPHA
18.03.2015,DELTA
18.03.2015,LIDYA CAFE
17.03.2015,PHI
17.03.2015,SIGMA
16.03.2015,TELTA
16.03.2015,ALPHA
16.03.2015,SIGMA
16.03.2015,OMICRON
16.03.2015,ALPHA
16.03.2015,NU1
16.03.2015,IOTA
16.03.2015,ZEILTA
16.03.2015,BLACK AND WHITE
16.03.2015,PHI
16.03.2015,CAROUSEL
13.03.2015,TAU
13.03.2015,SIGMA
12.03.2015,DELTA
12.03.2015,KAPPA
11.03.2015,ALPHA
11.03.2015,DELTA
11.03.2015,SOLAR
10.03.2015,ZEILTA
10.03.2015,TELTA
10.03.2015,BLACK AND WHITE
09.03.2015,ZEILTA
09.03.2015,TELTA
09.03.2015,BEITA
09.03.2015,SIGMA
09.03.2015,LAMBDA
09.03.2015,TAU
02.03.2015,DELTA
27.02.2015,PHI
27.02.2015,ZEILTA
26.02.2015,BEITA
26.02.2015,IOTA
26.02.2015,ALPHA
25.02.2015,TELTA
24.02.2015,TAU
24.02.2015,DELTA
24.02.2015,GAMMA
23.02.2015,PHI
23.02.2015,LAMBDA
23.02.2015,COLLEZZINE
23.02.2015,TAU
23.02.2015,EPSILON
23.02.2015,TAU
20.02.2015,ZEILTA
20.02.2015,ALPHA
19.02.2015,IOTA
19.02.2015,DELTA
18.02.2015,BLACK AND WHITE
18.02.2015,CAROUSEL
18.02.2015,BEITA
18.02.2015,IOTA
18.02.2015,DELTA
17.02.2015,LAMBDA
17.02.2015,TAU
16.02.2015,LAMBDA
16.02.2015,ALPHA
16.02.2015,IOTA
16.02.2015,GAMMA
16.02.2015,BEITA
16.02.2015,BLACK AND WHITE
16.02.2015,OMICRON
13.02.2015,PHI
13.02.2015,CAROUSEL
13.02.2015,OMICRON
12.02.2015,SIGMA
12.02.2015,LAMBDA
12.02.2015,DELTA
11.02.2015,ALPHA
10.02.2015,MU1
10.02.2015,ALPHA
10.02.2015,KAPPA
10.02.2015,ALPHA
09.02.2015,SOLAR
09.02.2015,ZEILTA
09.02.2015,ALPHA
09.02.2015,EPSILON
09.02.2015,LAMBDA
09.02.2015,ALPHA
09.02.2015,MU1
09.02.2015,ALPHA
06.02.2015,BEITA
31.01.2015,CARREFOUR
31.01.2015,SOLAR
30.01.2015,OMICRON
30.01.2015,GAMMA
29.01.2015,TAU
28.01.2015,PIO1
27.01.2015,TAU
26.01.2015,E01TA
26.01.2015,ZEILTA
26.01.2015,ARIKO
26.01.2015,BLACK AND WHITE
19.01.2015,LOKMAMILOKUM
19.01.2015,CAROUSEL
19.01.2015,GAMMA
16.01.2015,LAMBDA
16.01.2015,COLLEZZINE
12.01.2015,ESCAPE
12.01.2015,GAMMA
12.01.2015,OMICRON
12.01.2015,PIO1
12.01.2015,DELTA
12.01.2015,KAPPA
12.01.2015,ALPHA
09.01.2015,DELTA
09.01.2015,ZEILTA
09.01.2015,MEMORY
09.01.2015,IOTA
09.01.2015,ALPHA
09.01.2015,DELTA
08.01.2015,SIGMA
08.01.2015,OMICRON
07.01.2015,ZEILTA
07.01.2015,ZEILTA
07.01.2015,SIGMA
06.01.2015,LAMBDA
06.01.2015,IOTA
05.01.2015,ZEILTA
05.01.2015,OMICRON
05.01.2015,KIBRIT
05.01.2015,GAMMA
05.01.2015,ALPHA
05.01.2015,KAPPA
05.01.2015,CHI
05.01.2015,LAMBDA
05.01.2015,UPSILON
05.01.2015,PSI
02.01.2015,CAROUSEL
02.01.2015,E01TA
02.01.2015,LAMBDA
31.12.2014,JADOR
31.12.2014,KAPPA
30.12.2014,SOLAR
30.12.2014,COLLEZZINE
30.12.2014,BLACK AND WHITE
29.12.2014,PLUTTON
29.12.2014,BEITA
29.12.2014,HEMA01
29.12.2014,IOTA
29.12.2014,OMICRON
29.12.2014,E01TA
29.12.2014,GAMMA
26.12.2014,OMICRON
26.12.2014,ALPHA
26.12.2014,IOTA
26.12.2014,GAMMA
25.12.2014,BEITA
25.12.2014,SOLAR
25.12.2014,IOTA
24.12.2014,COLLEZZINE
24.12.2014,TAU
24.12.2014,OMICRON
24.12.2014,SOLAR
23.12.2014,DELTA
23.12.2014,ESCAPE
23.12.2014,ZEILTA
22.12.2014,OMICRON
22.12.2014,PLUTTON
22.12.2014,PIO1
22.12.2014,BLACK AND WHITE
22.12.2014,ZEILTA
22.12.2014,ESCAPE
22.12.2014,DELTA
22.12.2014,ALPHA
19.12.2014,PLUTTON
19.12.2014,BEITA
19.12.2014,BLACK AND WHITE
19.12.2014,OMEGA
19.12.2014,E01TA
19.12.2014,DELTA
19.12.2014,OMICRON
18.12.2014,DELTA
18.12.2014,ESCAPE
18.12.2014,ZEILTA
17.12.2014,ALPHA
17.12.2014,LIMON EV YEMEKLERI
17.12.2014,DELTA
17.12.2014,CENGELKOY WAFFLE
17.12.2014,GAMMA
17.12.2014,PLUTTON
16.12.2014,PIO1
16.12.2014,COLLEZZINE
16.12.2014,GAMMA
15.12.2014,DELTA
15.12.2014,ZEILTA
15.12.2014,ALPHA
15.12.2014,KAPPA
15.12.2014,SIGMA
15.12.2014,TELTA
15.12.2014,ALPHA
15.12.2014,E01TA
15.12.2014,DELTA
12.12.2014,BLACK AND WHITE
12.12.2014,CAROUSEL
12.12.2014,GAMMA
12.12.2014,E01TA
12.12.2014,SOLAR
11.12.2014,BLACK AND WHITE
11.12.2014,TELTA
10.12.2014,ALPHA
10.12.2014,IOTA
10.12.2014,DELTA
10.12.2014,BLACK AND WHITE
09.12.2014,GAMMA
09.12.2014,PIO1
09.12.2014,KAPPA
09.12.2014,DELTA
09.12.2014,MEMORY
08.12.2014,ALPHA
08.12.2014,BEITA
08.12.2014,ALPHA
08.12.2014,DELTA
08.12.2014,GAMMA
08.12.2014,MEMORY
08.12.2014,PLUTTON
08.12.2014,LAMBDA
05.12.2014,PIO1
05.12.2014,LAMBDA
05.12.2014,CAROUSEL
05.12.2014,MARKAR ERTONGA
04.12.2014,PIO1
04.12.2014,IOTA
04.12.2014,KARAHANLI01
02.12.2014,OMICRON
02.12.2014,OMICRON
02.12.2014,PIO1
02.12.2014,DELTA
02.12.2014,PLUTTON
02.12.2014,BLACK AND WHITE
02.12.2014,ZEILTA
02.12.2014,SOLAR
01.12.2014,PIO1
01.12.2014,IOTA
30.11.2014,ZEILTA
30.11.2014,ALPHA
30.11.2014,BLACK AND WHITE
30.11.2014,SOLAR
30.11.2014,GAMMA
30.11.2014,PLUTTON
28.11.2014,DOMINOTASI
27.11.2014,DELTA
26.11.2014,PIO1
26.11.2014,COLLEZZINE
24.11.2014,OMICRON
24.11.2014,PIO1
24.11.2014,KAPPA
21.11.2014,ZEILTA
21.11.2014,LAMBDA
21.11.2014,PLUTTON
19.11.2014,SOLAR
19.11.2014,GAMMA
19.11.2014,IOTA
18.11.2014,OMICRON
18.11.2014,GAMMA
18.11.2014,OMICRON
17.11.2014,SOLAR
17.11.2014,PLUTTON
14.11.2014,BEITA
13.11.2014,DOKO GIDA
13.11.2014,BLACK AND WHITE
13.11.2014,EPSILON
12.11.2014,DELTA
12.11.2014,BLACK AND WHITE
11.11.2014,SOLAR
11.11.2014,DELTA
11.11.2014,OMICRON
10.11.2014,PIO1
10.11.2014,DELTA
10.11.2014,OMICRON
10.11.2014,PIO1
10.11.2014,OMICRON
10.11.2014,ZEILTA
10.11.2014,ALPHA
10.11.2014,OMICRON
10.11.2014,ZEILTA
07.11.2014,PIO1
07.11.2014,DELTA
07.11.2014,OMICRON
06.11.2014,DELTA
06.11.2014,IOTA
06.11.2014,OMICRON
05.11.2014,PIO1
05.11.2014,BLACK AND WHITE
05.11.2014,DELTA
05.11.2014,KAPPA
04.11.2014,LAMBDA
04.11.2014,OMICRON
04.11.2014,DELTA
04.11.2014,OMICRON
03.11.2014,PIO1
03.11.2014,PIO1
03.11.2014,OMICRON
03.11.2014,DELTA
03.11.2014,BEITA
03.11.2014,EPSILON
03.11.2014,OMICRON
03.11.2014,SOLAR
03.11.2014,PLUTTON
31.10.2014,OMICRON
31.10.2014,LAMBDA
31.10.2014,IOTA
31.10.2014,OMICRON
30.10.2014,DELTA
30.10.2014,ALPHA
30.10.2014,GAMMA
30.10.2014,BLACK AND WHITE
30.10.2014,HEMA01
30.10.2014,BLACK AND WHITE
27.10.2014,PIO1
27.10.2014,COLLEZZINE
24.10.2014,IOTA
23.10.2014,IOTA
22.10.2014,DELTA
22.10.2014,MEMORY
21.10.2014,DOMINOTASI
21.10.2014,LAMBDA
21.10.2014,IOTA
21.10.2014,DELTA
20.10.2014,PLUTTON
20.10.2014,COLLEZZINE
20.10.2014,DELTA
20.10.2014,ESCAPE
20.10.2014,ESCAPE
20.10.2014,GAMMA
17.10.2014,PIO1
16.10.2014,HEMA01
16.10.2014,IOTA
15.10.2014,OMEGA
15.10.2014,IOTA
14.10.2014,OMEGA
14.10.2014,KARAHANLI01
14.10.2014,LAMBDA
14.10.2014,ZEILTA
14.10.2014,KARAHANLI01
13.10.2014,E01TA
13.10.2014,BLACK AND WHITE
13.10.2014,ZEILTA
13.10.2014,SOLAR
10.10.2014,PLUTTON
10.10.2014,OMICRON
09.10.2014,PLUTTON
01.10.2014,COLLEZZINE
30.09.2014,IOTA
30.09.2014,DELTA
30.09.2014,OMICRON
29.09.2014,MU1
29.09.2014,COLLEZZINE
29.09.2014,ZEILTA
29.09.2014,BLACK AND WHITE
29.09.2014,IOTA
29.09.2014,DELTA
29.09.2014,IOTA
26.09.2014,TELTA
26.09.2014,CAROUSEL
26.09.2014,DELTA
26.09.2014,MU1
25.09.2014,ALPHA
25.09.2014,DELTA
25.09.2014,OMICRON
24.09.2014,DELTA
23.09.2014,CARREFOUR
23.09.2014,ZEILTA
23.09.2014,DELTA
23.09.2014,MEMORY
22.09.2014,ZEILTA
22.09.2014,BEITA
22.09.2014,OMICRON
22.09.2014,ALPHA
22.09.2014,IOTA
22.09.2014,DURUMZADE
22.09.2014,BLACK AND WHITE
19.09.2014,IOTA
18.09.2014,PLUTTON
17.09.2014,EPSILON
17.09.2014,SOLAR
16.09.2014,OMICRON
16.09.2014,GAMMA
07.07.2014,BLACK AND WHITE
07.07.2014,BLACK AND WHITE
07.07.2014,CAROUSEL
07.07.2014,BLACK AND WHITE
07.07.2014,OMICRON
07.07.2014,MU1
07.07.2014,IOTA
07.07.2014,CAROUSEL
04.07.2014,BEITA
04.07.2014,ZEILTA
04.07.2014,PLUTTON
04.07.2014,IOTA
03.07.2014,IOTA
03.07.2014,OMICRON
02.07.2014,PIO1
02.07.2014,ZEILTA
02.07.2014,PLUTTON
02.07.2014,ELEKTRONMARKET
01.07.2014,LAMBDA
30.06.2014,COLLEZZINE
23.06.2014,KALAMIS TURZ
23.06.2014,CAROUSEL
23.06.2014,ESCAPE
23.06.2014,ZEILTA
20.06.2014,ELEKTRONMARKET
20.06.2014,IOTA
19.06.2014,IOTA
18.06.2014,ZEILTA
18.06.2014,SOLAR
18.06.2014,ZEILTA
17.06.2014,OMICRON
17.06.2014,TELTA
17.06.2014,ELEKTRONMARKET
17.06.2014,ESCAPE
16.06.2014,MU1
16.06.2014,ESCAPE
16.06.2014,SOLAR
13.06.2014,EPSILON
12.06.2014,KARAHANLI01
12.06.2014,DELTA
11.06.2014,ZEILTA
11.06.2014,ZEILTA
11.06.2014,DELTA
10.06.2014,PLUTTON
10.06.2014,EPSILON
09.06.2014,BLACK AND WHITE
09.06.2014,MU1
09.06.2014,EPSILON
09.06.2014,DRDR-DOGAN
09.06.2014,DELTA
09.06.2014,BOZDAG
06.06.2014,MARS SINEMA
03.06.2014,BLACK AND WHITE
31.05.2014,CARREFOUR.
31.05.2014,CAROUSEL
31.05.2014,CAROUSEL
30.05.2014,E01TA
29.05.2014,HEMA01
23.05.2014,MU1
22.05.2014,IOTA
21.05.2014,GAMMA
20.05.2014,BEITA
20.05.2014,KAHVE DUNYASI AKAR
20.05.2014,CAROUSEL
16.05.2014,TELTA
16.05.2014,IOTA
16.05.2014,OMICRON
16.05.2014,TELTA
15.05.2014,ZEILTA
15.05.2014,DELTA
15.05.2014,MEMORY
14.05.2014,OMICRON
14.05.2014,OMICRON
14.05.2014,EPSILON
13.05.2014,IOTA
13.05.2014,MU1
12.05.2014,DELTA
12.05.2014,OMICRON
12.05.2014,ZEILTA
12.05.2014,IOTA
12.05.2014,EPSILON
12.05.2014,OMICRON
12.05.2014,IOTA
12.05.2014,EPSILON
09.05.2014,OMICRON
09.05.2014,LAMBDA
09.05.2014,BLACK AND WHITE
09.05.2014,DELTA
08.05.2014,EPSILON
08.05.2014,EPSILON
08.05.2014,EPSILON
08.05.2014,GAMMA
08.05.2014,KEMAL OLCAY
07.05.2014,EPSILON
07.05.2014,EPSILON
07.05.2014,KEMAL OLCAY
07.05.2014,DELTA
06.05.2014,ZEILTA
05.05.2014,TELTA
05.05.2014,EPSILON
05.05.2014,IOTA
05.05.2014,EPSILON
05.05.2014,OMICRON
05.05.2014,IOTA
05.05.2014,EPSILON
05.05.2014,ESCAPE
05.05.2014,MU1
02.05.2014,DELTA
02.05.2014,OMICRON
02.05.2014,GAMMA
30.04.2014,KAHVE KAFE
30.04.2014,DELTA
29.04.2014,EPSILON
28.04.2014,DELTA
28.04.2014,SIGMA
28.04.2014,GAMMA
28.04.2014,DELTA
28.04.2014,EPSILON
25.04.2014,E01TA
24.04.2014,OMICRON
22.04.2014,EPSILON
22.04.2014,DELTA
22.04.2014,RHO
21.04.2014,DELTA
21.04.2014,ILIZAGURME
21.04.2014,MEMORY
18.04.2014,DRDR-DOGAN
17.04.2014,DELTA
17.04.2014,TELTA
17.04.2014,CAROUSEL
16.04.2014,DRDR-DOGAN
16.04.2014,DELTA
16.04.2014,DRDR-DOGAN
14.04.2014,ZEILTA
14.04.2014,TELTA
10.04.2014,EPSILON
10.04.2014,GAMMA
10.04.2014,DELTA
10.04.2014,SOLAR
09.04.2014,DRDR-DOGAN
09.04.2014,PLUTTON
08.04.2014,EPSILON
08.04.2014,DRDR-DOGAN
08.04.2014,GAMMA
08.04.2014,GAMMA
07.04.2014,DELTA
07.04.2014,MEMORY
07.04.2014,MCDONALTS
07.04.2014,DELTA
03.04.2014,DRDR-DOGAN
02.04.2014,EPSILON
31.03.2014,DRDR-DOGAN
28.03.2014,ZEILTA
28.03.2014,ZEILTA
27.03.2014,IOTA
27.03.2014,GAMMA
27.03.2014,EPSILON
27.03.2014,EPSILON
26.03.2014,DRDR-DOGAN
26.03.2014,TELTA
26.03.2014,HEMA01
26.03.2014,IOTA
26.03.2014,GAMMA
25.03.2014,PIO1
25.03.2014,IOTA
25.03.2014,EPSILON
24.03.2014,IOTA
24.03.2014,EPSILON
24.03.2014,ZEILTA
24.03.2014,GAMMA
24.03.2014,PIO1
24.03.2014,IOTA
24.03.2014,EPSILON
24.03.2014,ZEILTA
24.03.2014,BLACK AND WHITE
24.03.2014,GAMMA
21.03.2014,DELTA
21.03.2014,DRDR-DOGAN
21.03.2014,EPSILON
20.03.2014,IOTA
20.03.2014,IOTA
19.03.2014,DELTA
19.03.2014,MEMORY
18.03.2014,EPSILON
18.03.2014,DELTA
18.03.2014,EPSILON
17.03.2014,DELTA
14.03.2014,EPSILON
13.03.2014,MEMORY
11.03.2014,EPSILON
11.03.2014,MEMORY
10.03.2014,DELTA
10.03.2014,MEMORY
07.03.2014,IOTA
07.03.2014,DELTA
07.03.2014,EPSILON
07.03.2014,MEMORY
06.03.2014,TELTA
06.03.2014,EPSILON
05.03.2014,IOTA
05.03.2014,DELTA
05.03.2014,EPSILON
04.03.2014,DELTA
03.03.2014,TELTA
03.03.2014,DELTA
03.03.2014,LAMBDA
03.03.2014,EPSILON
03.03.2014,ALPHA
03.03.2014,DELTA
03.03.2014,OMICRON
03.03.2014,EPSILON
03.03.2014,BEITA
03.03.2014,TAU
28.02.2014,DELTA
28.02.2014,OMICRON
28.02.2014,MEMORY
28.02.2014,MEMORY
27.02.2014,ZEILTA
27.02.2014,NU1
27.02.2014,DELTA
26.02.2014,TELTA
26.02.2014,EPSILON
25.02.2014,PIO1
25.02.2014,DELTA
25.02.2014,ERSAN MU1ZIK YAPIO1M
24.02.2014,DELTA
24.02.2014,MEMORY
24.02.2014,EPSILON
24.02.2014,PIO1
24.02.2014,IOTA
24.02.2014,EPSILON
24.02.2014,OMICRON
24.02.2014,BLACK AND WHITE
24.02.2014,BLACK AND WHITE
24.02.2014,IOTA
24.02.2014,GAMMA
21.02.2014,TELTA
21.02.2014,DELTA
21.02.2014,EPSILON
20.02.2014,TELTA
20.02.2014,DELTA
19.02.2014,MEMORY
19.02.2014,MU1
18.02.2014,TELTA
18.02.2014,MEMORY
17.02.2014,DELTA
17.02.2014,EPSILON
17.02.2014,MEMORY
17.02.2014,IOTA
17.02.2014,GAMMA
17.02.2014,ESCAPE
17.02.2014,ESCAPE
17.02.2014,IOTA
17.02.2014,GAMMA
13.02.2014,TELTA
13.02.2014,DELTA
13.02.2014,ILIZAGURME
13.02.2014,ESCAPE
12.02.2014,IOTA
12.02.2014,EPSILON
11.02.2014,GAMMA
11.02.2014,DELTA
10.02.2014,ZEILTA
10.02.2014,BLACK AND WHITE
10.02.2014,E01TA
10.02.2014,HEMA01
10.02.2014,DRDR-DOGAN
10.02.2014,IOTA
10.02.2014,EPSILON
10.02.2014,HEMA01
10.02.2014,IOTA
07.02.2014,EPSILON
06.02.2014,IOTA
05.02.2014,EPSILON
04.02.2014,DELTA
03.02.2014,EPSILON
03.02.2014,IOTA
03.02.2014,BLACK AND WHITE
31.01.2014,TELTA
28.01.2014,EPSILON
27.01.2014,GAMMA
27.01.2014,TELTA
27.01.2014,DRDR-DOGAN
27.01.2014,LAMBDA
27.01.2014,LAMBDA
24.01.2014,HEMA01
24.01.2014,BLACK AND WHITE
23.01.2014,SOLAR
23.01.2014,PLUTTON
21.01.2014,EPSILON
20.01.2014,IOTA
20.01.2014,TELTA
20.01.2014,IOTA
20.01.2014,GAMMA
20.01.2014,IOTA
20.01.2014,EPSILON
17.01.2014,OMICRON
17.01.2014,TELTA
17.01.2014,IOTA
16.01.2014,DELTA
16.01.2014,GAMMA
16.01.2014,MEMORY
16.01.2014,EPSILON
15.01.2014,IOTA
15.01.2014,DELTA
15.01.2014,GAMMA
14.01.2014,HEMA01
14.01.2014,DELTA
13.01.2014,CAROUSEL
13.01.2014,DELTA
13.01.2014,PIO1
13.01.2014,OMICRON
13.01.2014,PHI
13.01.2014,GAMMA
10.01.2014,ILIZAGURME
10.01.2014,DELTA
10.01.2014,TELTA
09.01.2014,BRANDADIDAS
09.01.2014,CAROUSEL
08.01.2014,DELTA
08.01.2014,EPSILON
07.01.2014,ILIZAGURME
07.01.2014,DELTA
07.01.2014,EPSILON
06.01.2014,TELTA
06.01.2014,DELTA
06.01.2014,MEMORY
06.01.2014,GAMMA
06.01.2014,GULHANIMK01
06.01.2014,IOTA
06.01.2014,GAMMA
06.01.2014,HAN AVM
06.01.2014,PIO1
06.01.2014,IOTA
03.01.2014,LITTLE CEASERS
03.01.2014,ILIZAGURME
03.01.2014,DELTA
03.01.2014,GAMMA
02.01.2014,IOTA
02.01.2014,GAMMA
02.01.2014,IOTA
31.12.2013,CAROUSEL
31.12.2013,EPSILON
31.12.2013,GAMMA
30.12.2013,EPSILON
30.12.2013,GAMMA
27.12.2013,DELTA
27.12.2013,TELTA
27.12.2013,CAROUSEL
26.12.2013,ILIZAGURME
26.12.2013,EPSILON
25.12.2013,ILIZAGURME
25.12.2013,PLUTTON
24.12.2013,DELTA
23.12.2013,SOLAR
23.12.2013,DELTA
23.12.2013,ZEILTA
23.12.2013,BOSPHORUS CAFE
23.12.2013,DURUMZADE
23.12.2013,BLACK AND WHITE
23.12.2013,CAROUSEL
23.12.2013,IOTA
23.12.2013,GULHANIMK01
20.12.2013,ILIZAGURME
20.12.2013,DELTA
20.12.2013,ZEILTA
19.12.2013,DELTA
19.12.2013,GAMMA
18.12.2013,DELTA
17.12.2013,CAROUSEL
17.12.2013,CAROUSEL
17.12.2013,DELTA
16.12.2013,ILIZAGURME
16.12.2013,EPSILON
16.12.2013,DELTA
16.12.2013,CAROUSEL
13.12.2013,EPSILON
13.12.2013,BERKA MARKET
12.12.2013,GAMMA
11.12.2013,SOLAR
09.12.2013,GAMMA
09.12.2013,KARSANAYI001
09.12.2013,HEMA01
05.12.2013,MEMORY
03.12.2013,IOTA
19.11.2013,GAMMA